patient_key,comparison,ok,reason,n_rows_common,ref_y_min,ref_y_max,cmp_y_min,cmp_y_max,common_y_min,common_y_max,mae_px,rmse_px,median_abs_px,p75_abs_px,p95_abs_px,max_abs_px,signed_mean_px,signed_median_px,signed_std_px,mae_width_pct,rmse_width_pct,area_between_curves_px2,corr_x,ref_length_px,cmp_length_px,length_diff_px,length_diff_pct,curvature_mae,hausdorff_px,chamfer_px
N_1,csv_vs_target,True,,207.0,3.0,217.0,11.0,225.0,11.0,217.0,5.71048751315057,6.123705365443865,6.059867858886719,7.196800231933594,8.388063049316406,9.394058227539062,5.352138464001642,6.059867858886719,2.9756312380602736,2.2306591848244413,2.3920724083765097,1182.070915222168,0.9387126963300099,226.8671417236328,219.44400024414062,-7.4231414794921875,-3.27202142309695,0.055424392223358154,10.736504554748535,5.6435465812683105
N_1,csv_vs_pred,True,,215.0,3.0,217.0,0.0,255.0,3.0,217.0,7.639850705168968,9.523370208629425,5.9895172119140625,12.647754669189453,18.716024017333982,20.308258056640625,6.0121348536291785,4.994354248046875,7.3857169342175375,2.984316681706628,3.720066487745869,1642.5679016113281,0.5628374169275948,226.8671417236328,283.0115661621094,56.14442443847656,24.74771093312241,0.1152132973074913,38.12881088256836,8.074982643127441
N_1,target_vs_pred,True,,215.0,11.0,225.0,0.0,255.0,11.0,225.0,5.72784090263899,7.224645503079971,4.8019561767578125,8.753978729248047,13.762914276123038,16.97266387939453,0.47995271904523984,0.5709075927734375,7.208685596740556,2.2374378525933554,2.8221271496406137,1231.4857940673828,0.4913742351992569,219.44400024414062,283.0115661621094,63.56756591796875,28.96755702792075,0.09524170309305191,30.26934051513672,6.323413848876953
N_10,csv_vs_target,True,,155.0,6.0,168.0,14.0,212.0,14.0,168.0,20.360899426860193,20.39548226622024,20.154685974121094,20.784584045410156,22.790402221679688,23.360443115234375,20.360899426860193,20.154685974121094,1.1872116075024333,7.953476338617263,7.966985260242282,3155.93941116333,0.969210879757643,164.36924743652344,200.43142700195312,36.06217956542969,21.93973637140506,0.028512420132756233,53.99259948730469,21.971546173095703
N_10,csv_vs_pred,True,,163.0,6.0,168.0,0.0,255.0,6.0,168.0,57.43236712590317,57.59227039618247,55.94331359863281,60.033573150634766,65.82110137939453,67.55718231201172,57.43236712590317,55.94331359863281,4.288684612147708,22.434518408555924,22.496980623508776,9361.475841522217,0.6953220053599587,164.36924743652344,304.2772521972656,139.9080047607422,85.1181148141841,0.11719337105751038,103.94135284423828,58.8867073059082
N_10,target_vs_pred,True,,199.0,14.0,212.0,0.0,255.0,14.0,212.0,33.80886610788317,34.69707968882198,33.940093994140625,39.248435974121094,44.556793212890625,46.32664489746094,33.80886610788317,33.940093994140625,7.800507126571427,13.206588323391863,13.553546753446085,6727.96435546875,0.2967451282475758,200.43142700195312,304.2772521972656,103.8458251953125,51.81114895176565,0.11067822575569153,52.37900161743164,33.317840576171875
N_11,csv_vs_target,True,,135.0,6.0,149.0,15.0,210.0,15.0,149.0,37.997533105920866,38.21618036177976,39.30243682861328,41.588035583496094,43.13558502197266,43.66444396972656,37.997533105920866,39.30243682861328,4.082146409492083,14.842786369500338,14.92819545382022,5129.666969299316,0.12756939006439252,148.551513671875,200.35125732421875,51.79974365234375,34.869886121304404,0.03127244859933853,83.16059875488281,40.275543212890625
N_11,csv_vs_pred,True,,144.0,6.0,149.0,0.0,255.0,6.0,149.0,34.02473757002089,34.51217951412643,35.30786895751953,37.94913101196289,39.71175918579102,40.20851135253906,34.02473757002089,35.30786895751953,5.779945337673823,13.29091311328941,13.481320122705636,4899.562210083008,-0.25010362724860047,148.551513671875,278.2904052734375,129.7388916015625,87.33596069535852,0.0803656280040741,109.27469635009766,37.84276580810547
N_11,target_vs_pred,True,,196.0,15.0,210.0,0.0,255.0,15.0,210.0,11.103723448150012,16.18141500709789,5.478111267089844,16.681350708007812,36.806575775146484,37.357261657714844,-10.570963295138611,-5.478111267089844,12.251241840922292,4.337391971933599,6.320865237147613,2176.3297958374023,-0.7811555789700607,200.35125732421875,278.2904052734375,77.93914794921875,38.90125222383979,0.06285906583070755,54.06689453125,13.395257949829102
N_12,csv_vs_target,True,,169.0,17.0,189.0,21.0,197.0,21.0,189.0,8.85922949977175,11.77239358291009,6.719635009765625,8.50469970703125,30.466857910156243,36.64867401123047,8.85922949977175,6.719635009765625,7.752632026693684,3.46063652334834,4.598591243324254,1497.2097854614258,0.7245580237155759,178.857177734375,191.44496154785156,12.587783813476562,7.037896925482737,0.06195893511176109,39.824546813964844,8.734550476074219
N_12,csv_vs_pred,True,,173.0,17.0,189.0,0.0,255.0,17.0,189.0,18.993329130845265,19.724593459853665,18.79015350341797,22.11687469482422,28.844935607910156,30.331459045410156,18.993329130845265,18.79015350341797,5.320999500459173,7.419269191736431,7.704919320255338,3285.8459396362305,0.2639814214529135,178.857177734375,269.96630859375,91.109130859375,50.939599969305874,0.10180765390396118,67.10749053955078,20.701946258544922
N_12,target_vs_pred,True,,177.0,21.0,197.0,0.0,255.0,21.0,197.0,14.057308132365598,15.5150622200964,12.48675537109375,17.36463165283203,29.456204223632806,32.10016632080078,8.009769590561,11.66162109375,13.287616294865941,5.491135989205312,6.060571179725156,2488.143539428711,-0.04446146802979895,191.44496154785156,269.96630859375,78.52134704589844,41.0151024121732,0.06642699241638184,63.92234802246094,16.757568359375
N_13,csv_vs_target,True,,140.0,6.0,150.0,11.0,208.0,11.0,150.0,40.00638869149344,40.23263911669337,40.83422088623047,43.43045234680176,46.33622741699219,49.23924255371094,40.00638869149344,40.83422088623047,4.2607645040803535,15.627495582614625,15.715874654958348,5600.894416809082,0.6948641803986683,153.3412322998047,200.15289306640625,46.81166076660156,30.52777133812587,0.05816669389605522,74.11581420898438,41.1025505065918
N_13,csv_vs_pred,True,,145.0,6.0,150.0,0.0,255.0,6.0,150.0,38.77687677843817,39.343065250583756,38.452972412109375,41.28203582763672,51.2724365234375,53.72892761230469,38.77687677843817,38.452972412109375,6.650609793207938,15.147217491577411,15.368384863509279,5622.647132873535,-0.051894658582241245,153.3412322998047,300.3139343261719,146.9727020263672,95.84682463580913,0.12444669753313065,114.89166259765625,45.158355712890625
N_13,target_vs_pred,True,,198.0,11.0,208.0,0.0,255.0,11.0,208.0,4.3834554884168835,5.876450210703642,3.3113327026367188,6.180568695068359,13.518248748779287,15.937576293945312,0.7512929511792732,-0.24139022827148438,5.828226658288713,1.7122873001628451,2.2954883635561103,867.924186706543,-0.06084452024170408,200.15289306640625,300.3139343261719,100.16104125976562,50.04226505061318,0.10521547496318817,47.00260925292969,5.982460975646973
N_14,csv_vs_target,True,,119.0,25.0,153.0,35.0,215.0,35.0,153.0,37.067960402544806,37.08060463544743,37.050086975097656,37.56533432006836,39.03514022827149,39.40806579589844,37.067960402544806,37.050086975097656,0.9682725472383176,14.479672032244064,14.484611185721652,4411.087287902832,0.9207613280840627,130.1239013671875,185.44635009765625,55.32244873046875,42.5152090776211,0.03942430391907692,83.29304504394531,39.81182861328125
N_14,csv_vs_pred,True,,129.0,25.0,153.0,0.0,255.0,25.0,153.0,36.64173824103304,36.77910271089745,37.43199157714844,39.28913116455078,40.802127075195315,41.399818420410156,36.64173824103304,37.43199157714844,3.1757542244892156,14.313179000403531,14.366836996444315,4726.784233093262,-0.05603888892268793,130.1239013671875,269.0780029296875,138.9541015625,106.78599403480577,0.08152484148740768,107.19779205322266,41.05620193481445
N_14,target_vs_pred,True,,181.0,35.0,215.0,0.0,255.0,35.0,215.0,5.47608602112828,8.81437771048227,2.7816696166992188,5.00421142578125,26.19878387451172,27.731201171875,-3.997647870311421,-2.0233688354492188,7.855702764746209,2.139096102003234,3.443116293157137,991.1715698242188,-0.5129623979676348,185.44635009765625,269.0780029296875,83.63165283203125,45.09749196114185,0.07496360689401627,45.965694427490234,8.237140655517578
N_15,csv_vs_target,True,,146.0,10.0,162.0,17.0,239.0,17.0,162.0,39.10088620120532,39.32444319535708,39.66484451293945,41.83986854553223,45.61443901062012,46.340476989746094,39.10088620120532,39.66484451293945,4.187186514266692,15.273783672345829,15.361110623186358,5708.729385375977,0.47088795331802147,155.45726013183594,223.11965942382812,67.66239929199219,43.52475994383178,0.03501173481345177,83.9900894165039,41.41893005371094
N_15,csv_vs_pred,True,,153.0,10.0,162.0,0.0,255.0,10.0,162.0,40.19053086424186,41.155874108338615,44.420928955078125,46.7652587890625,49.03681945800781,50.499359130859375,40.19053086424186,44.420928955078125,8.861557564663192,15.699426118844476,16.07651332356977,6149.151222229004,-0.15476949432217138,155.45726013183594,308.1446533203125,152.68739318847656,98.21824535513349,0.10244397819042206,98.292236328125,40.8029899597168
N_15,target_vs_pred,True,,223.0,17.0,239.0,0.0,255.0,17.0,239.0,6.175029292769496,8.07685524377561,4.7273101806640625,6.277961730957031,18.416419219970702,20.812416076660156,-1.4598069468955823,2.092620849609375,7.943837505053899,2.4121208174880846,3.1550215795998473,1377.0315322875977,-0.07884032846692338,223.11965942382812,308.1446533203125,85.02499389648438,38.10735195286578,0.1244068592786789,20.809572219848633,5.578054904937744
N_16,csv_vs_target,True,,162.0,16.0,182.0,21.0,214.0,21.0,182.0,19.825859399489413,19.866396241495416,19.989704132080078,20.57109832763672,21.983119201660156,22.280197143554688,19.825859399489413,19.989704132080078,1.2684631235397943,7.744476327925552,7.760311031834147,3211.789222717285,0.5798661408153483,167.64874267578125,193.6540985107422,26.005355834960938,15.511810836363953,0.024642497301101685,35.95323944091797,20.123624801635742
N_16,csv_vs_pred,True,,167.0,16.0,182.0,0.0,255.0,16.0,182.0,14.634506636750912,14.993954970756603,14.980232238769531,17.006877899169922,19.15432357788086,19.893997192382812,14.634506636750912,14.980232238769531,3.263418631430868,5.716604154980825,5.8570136604517975,2443.9626083374023,0.2630880255026003,167.64874267578125,285.3633117675781,117.71456909179688,70.21500263346775,0.08781804144382477,74.34962463378906,17.904125213623047
N_16,target_vs_pred,True,,194.0,21.0,214.0,0.0,255.0,21.0,214.0,4.517326984208884,5.7009227435740515,3.495391845703125,7.3053436279296875,11.004077529907226,11.687774658203125,-4.497634651734657,-3.495391845703125,3.5031132821699553,1.7645808532065952,2.226922946708614,876.3614349365234,0.11016227100570729,193.6540985107422,285.3633117675781,91.70921325683594,47.357228149247256,0.07740426808595657,41.06379318237305,6.251227378845215
N_17,csv_vs_target,True,,177.0,18.0,199.0,23.0,221.0,23.0,199.0,13.780740468515514,13.97541067744007,13.365875244140625,15.71533203125,17.378305053710935,20.642227172851562,13.780740468515514,13.365875244140625,2.324499030441766,5.383101745513873,5.459144795875027,2439.191062927246,0.9374848777069812,186.1951446533203,206.7549591064453,20.559814453125,11.042078723535694,0.043939635157585144,38.958778381347656,14.374248504638672
N_17,csv_vs_pred,True,,182.0,18.0,199.0,0.0,255.0,18.0,199.0,36.29583450988099,37.25804598356698,31.189090728759766,44.18353080749512,50.35712242126465,51.11742401123047,36.29583450988099,31.189090728759766,8.41275149668193,14.17806035542226,14.553924212330852,6605.84188079834,-0.3344710634118892,186.1951446533203,279.8449401855469,93.64979553222656,50.29658302936144,0.07828339189291,69.09220123291016,37.12664794921875
N_17,target_vs_pred,True,,199.0,23.0,221.0,0.0,255.0,23.0,221.0,21.811861047792675,23.252908131928642,18.734786987304688,28.66427230834961,36.54502868652344,37.667518615722656,21.811861047792675,18.734786987304688,8.058564029881374,8.520258221794014,9.083167239034626,4340.560348510742,-0.09396228561832463,206.7549591064453,279.8449401855469,73.08998107910156,35.35101716130396,0.06966591626405716,37.587928771972656,20.960342407226562
N_18,csv_vs_target,True,,165.0,12.0,180.0,16.0,232.0,16.0,180.0,38.4900683778705,38.56497194567091,38.78633117675781,40.22013854980469,42.00321655273437,43.58838653564453,38.4900683778705,38.78633117675781,2.402435730095123,15.035182960105665,15.0644421662777,6350.861282348633,0.969894466910875,178.07589721679688,222.17417907714844,44.09828186035156,24.763756660559253,0.06635116785764694,75.73929595947266,39.392913818359375
N_18,csv_vs_pred,True,,169.0,12.0,180.0,0.0,255.0,12.0,180.0,29.59114964050654,30.93620913017696,30.06450653076172,37.18070983886719,45.93841247558593,49.28253173828125,29.59114964050654,30.06450653076172,9.022909635987375,11.559042828322868,12.084456691475374,5000.9042892456055,0.4881576403225146,178.07589721679688,294.2254333496094,116.1495361328125,65.2247372842855,0.08818302303552628,84.64420318603516,32.378883361816406
N_18,target_vs_pred,True,,217.0,16.0,232.0,0.0,255.0,16.0,232.0,9.09232189688265,11.619126218663087,6.9039764404296875,12.555221557617188,23.922584533691406,28.130279541015625,-6.639142049622426,-5.9020538330078125,9.535506642552313,3.551688240969785,4.538721179165268,1973.0338516235352,0.24683647391716282,222.17417907714844,294.2254333496094,72.05125427246094,32.430075613871686,0.09313953667879105,32.30739974975586,9.714834213256836
N_19,csv_vs_target,True,,167.0,12.0,188.0,22.0,224.0,22.0,188.0,25.226411054234305,25.405494709890757,24.980552673339844,27.355995178222656,31.014005279541013,31.70349884033203,25.226411054234305,24.980552673339844,3.0112035429529818,9.854066818060275,9.924021371051078,4212.810646057129,0.9665743642884804,188.39999389648438,208.02432250976562,19.62432861328125,10.416310641189366,0.07005995512008667,41.443092346191406,24.852832794189453
N_19,csv_vs_pred,True,,177.0,12.0,188.0,0.0,255.0,12.0,188.0,33.27889342227225,34.62368266005816,30.61786651611328,35.61566925048828,52.958477783203115,55.76813507080078,33.27889342227225,30.61786651611328,9.555870108653481,12.999567743075097,13.524876039085218,5890.3641357421875,0.3949925107975259,188.39999389648438,291.3216247558594,102.921630859375,54.62931750967144,0.07917920500040054,93.74542999267578,37.00477981567383
N_19,target_vs_pred,True,,203.0,22.0,224.0,0.0,255.0,22.0,224.0,12.179312193922222,16.034048531051194,9.701499938964844,21.370075225830078,30.13760833740234,31.100448608398438,12.05488811925127,9.701499938964844,10.572151376538246,4.757543825750868,6.263300207441873,2472.400375366211,0.7379068172925302,208.02432250976562,291.3216247558594,83.29730224609375,40.04209759566898,0.04382201284170151,60.561092376708984,14.19459342956543
N_2,csv_vs_target,True,,168.0,2.0,176.0,9.0,216.0,9.0,176.0,33.10723867870512,33.64455667393694,31.471961975097656,33.51900100708008,47.6108455657959,49.09474182128906,33.10723867870512,31.471961975097656,5.988901473309288,12.932515108869188,13.142404950756617,5562.016098022461,0.9064641302200587,190.2976531982422,212.89952087402344,22.60186767578125,11.877113193323561,0.04373427852988243,51.596466064453125,32.59187316894531
N_2,csv_vs_pred,True,,175.0,2.0,176.0,0.0,255.0,2.0,176.0,12.223831917898995,15.037998145633646,9.934188842773438,13.927627563476562,35.373429870605456,36.467132568359375,11.591974356515067,9.934188842773438,9.579536457782186,4.774934342929295,5.874218025638143,2139.170585632324,0.5040388179371862,190.2976531982422,280.0940856933594,89.79643249511719,47.18735674414923,0.07748928666114807,86.95136260986328,18.45028305053711
N_2,target_vs_pred,True,,208.0,9.0,216.0,0.0,255.0,9.0,216.0,17.673003380115215,19.411442497975678,18.5614013671875,21.994598388671875,30.28130874633788,32.168609619140625,-17.54612552202665,-18.5614013671875,8.302865711156672,6.903516945357506,7.582594725771749,3675.984703063965,0.6212074968061378,212.89952087402344,280.0940856933594,67.19456481933594,31.561632708389247,0.05802241712808609,39.1783561706543,17.954757690429688
N_20,csv_vs_target,True,,185.0,13.0,200.0,16.0,215.0,16.0,200.0,7.186332578916807,7.54724565453025,8.027290344238281,8.885841369628906,10.055883789062499,10.402381896972656,7.186332578916807,8.027290344238281,2.3059794090634567,2.807161163639378,2.948142833800879,1329.4715270996094,0.640706299105148,190.4047393798828,202.12374877929688,11.719009399414062,6.154788707973071,0.03484540432691574,15.249720573425293,7.1678385734558105
N_20,csv_vs_pred,True,,188.0,13.0,200.0,0.0,255.0,13.0,200.0,5.2807885433765165,5.7612610615088435,5.950767517089844,6.556730270385742,8.728646087646485,9.424636840820312,2.731930468944793,5.276264190673828,5.072345111652902,2.0628080247564515,2.250492602151892,992.7882461547852,-0.6821599463240321,190.4047393798828,286.8058166503906,96.40107727050781,50.629557635701424,0.05611080676317215,55.22307586669922,8.147733688354492
N_20,target_vs_pred,True,,200.0,16.0,215.0,0.0,255.0,16.0,215.0,5.83936393737793,8.275661337951236,2.8772964477539062,9.311471939086914,14.146221542358372,24.80828094482422,-2.8888761138916017,-1.9666061401367188,7.755060630262499,2.281001538038254,3.2326802101372016,1167.872787475586,-0.6018738567463597,202.12374877929688,286.8058166503906,84.68206787109375,41.89614945217063,0.0729585587978363,40.73572540283203,6.918729782104492
N_21,csv_vs_target,True,,119.0,13.0,142.0,24.0,198.0,24.0,142.0,45.95722217720096,46.50666210378093,47.07109069824219,53.30594253540039,54.804867553710935,55.18647003173828,45.95722217720096,47.07109069824219,7.12764686208865,17.952039912969127,18.16666488428943,5468.909439086914,0.8579382208801644,137.86434936523438,184.3717041015625,46.507354736328125,33.73414152903738,0.04120001196861267,77.9356918334961,45.16331481933594
N_21,csv_vs_pred,True,,130.0,13.0,142.0,0.0,255.0,13.0,142.0,33.81006639920748,34.933012427680225,38.64870071411133,39.95444869995117,41.03891258239746,41.22948455810547,33.81006639920748,38.64870071411133,8.786055278317,13.207057187190422,13.645707979562587,4395.308631896973,-0.22723378091910573,137.86434936523438,287.7474670410156,149.88311767578125,108.71782179730498,0.09227222949266434,118.27745056152344,40.39887237548828
N_21,target_vs_pred,True,,175.0,24.0,198.0,0.0,255.0,24.0,198.0,11.11123291015625,14.685766067246218,8.475234985351562,16.014530181884766,30.565011596679685,33.93517303466797,-10.369473876953125,-8.475234985351562,10.39931423205719,4.340325355529785,5.736627370018054,1944.4657592773438,0.17313768451639622,184.3717041015625,287.7474670410156,103.37576293945312,56.069212701370326,0.069291852414608,60.168121337890625,14.402328491210938
N_22,csv_vs_target,True,,190.0,8.0,200.0,11.0,214.0,11.0,200.0,14.764280339291222,15.561286083691662,12.521625518798828,17.99445915222168,24.168622207641597,28.228790283203125,14.764280339291222,12.521625518798828,4.916263890528509,5.767297007535634,6.078627376442055,2805.213264465332,0.9885167364591246,212.10147094726562,212.5726776123047,0.4712066650390625,0.22216096046500383,0.05450800806283951,24.158702850341797,13.683265686035156
N_22,csv_vs_pred,True,,193.0,8.0,200.0,0.0,255.0,8.0,200.0,14.69036643863342,22.423136311835155,6.7397918701171875,22.531021118164062,55.002384948730445,61.20994567871094,13.515916023847353,5.698661804199219,17.891815338177583,5.73842439009118,8.759037621810608,2835.24072265625,-0.43852912876041295,212.10147094726562,307.8042907714844,95.70281982421875,45.12124286186635,0.13782131671905518,70.35208129882812,16.109600067138672
N_22,target_vs_pred,True,,204.0,11.0,214.0,0.0,255.0,11.0,214.0,12.216505686442057,14.954818779502162,9.084457397460938,14.652206420898438,32.77669677734375,33.23136901855469,0.879819533404182,-6.703712463378906,14.928915644359138,4.772072533766428,5.841726085743032,2492.1671600341797,-0.16519834786547063,212.5726776123047,307.8042907714844,95.23161315917969,44.79955478021757,0.1125396192073822,50.4731559753418,12.558103561401367
N_23,csv_vs_target,True,,156.0,16.0,181.0,26.0,214.0,26.0,181.0,17.022792376004734,17.459339268777384,18.64086151123047,20.479354858398438,21.75402069091797,21.90900421142578,17.022792376004734,18.64086151123047,3.8798282727083584,6.649528271876849,6.820054401866166,2655.5556106567383,0.7185019498099627,171.62445068359375,191.27084350585938,19.646392822265625,11.447315777482613,0.029765862971544266,33.143768310546875,16.94639778137207
N_23,csv_vs_pred,True,,166.0,16.0,181.0,0.0,255.0,16.0,181.0,19.46739794260048,20.48123826690022,20.94243621826172,25.580108642578125,27.11838722229004,27.558349609375,19.46739794260048,20.94243621826172,6.364081889005871,7.604452321328313,8.000483698007898,3231.5880584716797,-0.10953367130684756,171.62445068359375,299.273681640625,127.64923095703125,74.37706599564139,0.09732069820165634,74.61653137207031,21.423587799072266
N_23,target_vs_pred,True,,189.0,26.0,214.0,0.0,255.0,26.0,214.0,4.238283914233011,4.947843761810267,3.618896484375,5.591560363769531,8.85152587890625,11.5333251953125,2.586730472625248,3.0057525634765625,4.2178173684118585,1.65557965399727,1.9327514694571355,801.0356597900391,0.12701516608407695,191.27084350585938,299.273681640625,108.00283813476562,56.46591824948504,0.07247902452945709,41.51023864746094,6.112401485443115
N_24,csv_vs_target,True,,129.0,5.0,135.0,7.0,221.0,7.0,135.0,56.484210820161096,56.52661426810284,57.155799865722656,58.212371826171875,59.377558898925784,59.67821502685547,56.484210820161096,57.155799865722656,2.189074836199891,22.06414485162543,22.08070869847767,7286.463195800781,-0.08217198689131869,131.19158935546875,217.91549682617188,86.72390747070312,66.10477690693328,0.032128192484378815,95.46508026123047,59.629730224609375
N_24,csv_vs_pred,True,,131.0,5.0,135.0,0.0,255.0,5.0,135.0,47.7653198824584,47.91609872567854,49.23346710205078,50.42531967163086,51.060691833496094,51.281593322753906,47.7653198824584,49.23346710205078,3.798254021968026,18.65832807908531,18.71722606471818,6257.256904602051,0.5950153276145657,131.19158935546875,276.9375915527344,145.74600219726562,111.09401364995412,0.06854081898927689,130.7551727294922,53.95753479003906
N_24,target_vs_pred,True,,215.0,7.0,221.0,0.0,255.0,7.0,221.0,10.542245057571765,12.18543510203583,8.581405639648438,16.503738403320312,22.045288085937496,23.603866577148438,-9.48150670251181,-8.581405639648438,7.654140008920049,4.118064475613971,4.759935586732746,2266.5826873779297,-0.042441146540818216,217.91549682617188,276.9375915527344,59.0220947265625,27.084854259325628,0.0738515555858612,35.58090591430664,10.658099174499512
N_25,csv_vs_target,True,,153.0,16.0,174.0,22.0,215.0,22.0,174.0,26.825485179626863,27.03381887578024,26.285659790039062,28.0936279296875,33.01810760498047,35.154632568359375,26.825485179626863,26.285659790039062,3.349732509635896,10.478705148291743,10.560085498351658,4104.29923248291,0.19897809830706376,174.3819580078125,198.99131774902344,24.609359741210938,14.11233135637643,0.1007862240076065,66.66032409667969,28.605998992919922
N_25,csv_vs_pred,True,,159.0,16.0,174.0,0.0,255.0,16.0,174.0,19.578141410395784,19.973765343525038,21.41948699951172,22.097084045410156,24.26723861694336,25.411643981933594,19.578141410395784,21.41948699951172,3.955714968592604,7.647711488435853,7.802252087314468,3112.9244842529297,0.3410743800144372,174.3819580078125,281.9629211425781,107.58096313476562,61.6927142908767,0.17587198317050934,83.50834655761719,22.55869483947754
N_25,target_vs_pred,True,,194.0,22.0,215.0,0.0,255.0,22.0,215.0,10.814537992182466,13.878898452969269,6.3399810791015625,16.872323989868164,30.636450576782224,31.46746826171875,-10.814537992182466,-6.3399810791015625,8.69882694870261,4.224428903196276,5.421444708191121,2098.0203704833984,-0.05412021725023528,198.99131774902344,281.9629211425781,82.97160339355469,41.696092235557984,0.09874587506055832,51.379512786865234,12.191795349121094
N_26,csv_vs_target,True,,144.0,6.0,157.0,14.0,236.0,14.0,157.0,38.69288778305054,38.84503574465553,38.635738372802734,41.31623649597168,43.179888534545896,47.636268615722656,38.69288778305054,38.635738372802734,3.4347106154412326,15.114409290254116,15.173842087756068,5571.775840759277,0.8982078083541846,172.32373046875,226.72067260742188,54.396942138671875,31.56671573180677,0.12031613290309906,98.78058624267578,42.13380432128906
N_26,csv_vs_pred,True,,152.0,6.0,157.0,0.0,255.0,6.0,157.0,46.57367114016884,47.44160604503972,46.65095901489258,53.71243476867676,60.56853790283202,65.2384033203125,46.57367114016884,46.65095901489258,9.033224267123755,18.192840289128455,18.53187736134364,7079.198013305664,0.1802435155850294,172.32373046875,312.6748352050781,140.35110473632812,81.44618523891313,0.1859450340270996,102.77033996582031,47.17603302001953
N_26,target_vs_pred,True,,223.0,14.0,236.0,0.0,255.0,14.0,236.0,11.788824893968522,13.31175234121058,11.427314758300781,15.718299865722656,24.29113311767576,31.372833251953125,-0.16574127470965877,4.3131256103515625,13.310720499792,4.605009724206454,5.199903258285383,2628.9079513549805,-0.183851099909131,226.72067260742188,312.6748352050781,85.95416259765625,37.911921134205066,0.11649370193481445,34.889198303222656,11.889810562133789
N_27,csv_vs_target,True,,122.0,20.0,142.0,21.0,217.0,21.0,142.0,30.572410677300123,31.014376050206803,28.84475326538086,36.273183822631836,38.47958965301513,38.810733795166016,30.572410677300123,28.84475326538086,5.217204918550422,11.94234792082036,12.114990644612032,3729.8341026306152,0.5975766556993751,127.05918884277344,199.8045654296875,72.74537658691406,57.25314103115037,0.06029314920306206,86.55223846435547,34.55046844482422
N_27,csv_vs_pred,True,,123.0,20.0,142.0,0.0,255.0,20.0,142.0,55.653118102531124,56.5180587006026,56.765174865722656,62.93312454223633,69.74770812988281,70.83993911743164,55.653118102531124,56.765174865722656,9.849944403420997,21.73949925880122,22.077366679922893,6845.333526611328,-0.6717232470706657,127.05918884277344,302.56378173828125,175.5045928955078,138.12821762845445,0.14091598987579346,123.09567260742188,59.51061248779297
N_27,target_vs_pred,True,,197.0,21.0,217.0,0.0,255.0,21.0,217.0,22.209132354271592,23.997786391609395,27.003677368164062,28.615921020507812,32.13692779541015,33.63587951660156,22.175159860988558,27.003677368164062,9.173659947747954,8.67544232588734,9.37413530922242,4375.199073791504,0.45627626397025894,199.8045654296875,302.56378173828125,102.75921630859375,51.42986401860391,0.16030427813529968,38.78056335449219,20.59111785888672
N_28,csv_vs_target,True,,145.0,15.0,165.0,21.0,216.0,21.0,165.0,36.479297611631196,36.52354576554633,36.134918212890625,36.868019104003906,39.08730163574217,45.091819763183594,36.479297611631196,36.134918212890625,1.7972871362127003,14.249725629543436,14.267010064666536,5289.498153686523,0.9040310411357362,164.60906982421875,197.14657592773438,32.537506103515625,19.7665329961981,0.09161799401044846,67.37211608886719,37.47399139404297
N_28,csv_vs_pred,True,,151.0,15.0,165.0,0.0,255.0,15.0,165.0,25.889228214491283,27.623924141860275,24.691734313964844,28.3150634765625,47.015933990478516,50.72267150878906,25.889228214491283,24.691734313964844,9.634783207381439,10.112979771285657,10.79059536791417,3909.2734603881836,-0.4814709804066457,164.60906982421875,307.128662109375,142.51959228515625,86.58064372072008,0.2007499784231186,96.45392608642578,29.406665802001953
N_28,target_vs_pred,True,,196.0,21.0,216.0,0.0,255.0,21.0,216.0,10.80523767276686,12.501057783326551,10.114830017089844,15.590831756591797,23.61667251586914,27.52165985107422,-8.733389640341,-8.879631042480469,8.944515140132184,4.220795965924555,4.883225696611934,2117.8265838623047,-0.26129714694279205,197.14657592773438,307.128662109375,109.98208618164062,55.786962395114955,0.1496409922838211,40.10124588012695,11.231544494628906
N_29,csv_vs_target,True,,157.0,11.0,173.0,17.0,211.0,17.0,173.0,28.872259589517192,29.186499530807346,26.266067504882812,32.806053161621094,37.07648620605468,38.081390380859375,28.872259589517192,26.266067504882812,4.2713441745368605,11.278226402155154,11.40097637922162,4532.944755554199,0.9853136662972137,176.185546875,207.11985778808594,30.934310913085938,17.557802816412295,0.0909779891371727,38.9247932434082,27.46344757080078
N_29,csv_vs_pred,True,,163.0,11.0,173.0,0.0,255.0,11.0,173.0,19.86479631669682,22.844701611480605,15.421821594238281,29.83373260498047,40.562983703613284,46.302696228027344,19.86479631669682,15.421821594238281,11.281412101937102,7.759686061209696,8.923711566984611,3237.961799621582,0.024463359358287633,176.185546875,304.5794677734375,128.3939208984375,72.87426418822135,0.14641310274600983,92.61241149902344,24.052003860473633
N_29,target_vs_pred,True,,195.0,17.0,211.0,0.0,255.0,17.0,211.0,10.897368054512219,12.623043241463328,12.442138671875,14.42556381225586,21.817566680908197,25.136070251464844,-4.083501571264023,-7.4922027587890625,11.94429719964039,4.256784396293836,4.930876266196613,2124.986770629883,0.6704683582655653,207.11985778808594,304.5794677734375,97.45960998535156,47.054691433962645,0.12827037274837494,55.98251724243164,12.556499481201172
N_3,csv_vs_target,True,,198.0,3.0,206.0,9.0,226.0,9.0,206.0,9.210046556260851,9.494797652010165,9.631515502929688,10.857992172241211,12.409028244018552,14.103713989257812,9.210046556260851,9.631515502929688,2.3078615392014696,3.597674436039395,3.708905332816471,1823.5892181396484,0.9777971821089293,217.1980438232422,221.7936553955078,4.595611572265625,2.1158623213908827,0.06042240560054779,24.73856544494629,9.30152702331543
N_3,csv_vs_pred,True,,204.0,3.0,206.0,0.0,255.0,3.0,206.0,25.491853302600337,27.60142357119396,23.465167999267578,34.10592842102051,42.5729190826416,46.00836181640625,25.491853302600337,23.465167999267578,10.583194147097824,9.957755196328257,10.78180608249764,5200.338073730469,0.23678345382617141,217.1980438232422,301.693115234375,84.49507141113281,38.90231694536138,0.14223481714725494,49.05501937866211,23.679471969604492
N_3,target_vs_pred,True,,218.0,9.0,226.0,0.0,255.0,9.0,226.0,15.862052847486023,17.77332353533998,13.972793579101562,19.80571746826172,31.425340652465803,36.042396545410156,13.456306527513977,13.221683502197266,11.611151714169218,6.1961143935492276,6.94270450599218,3457.927520751953,0.15947043313596948,221.7936553955078,301.693115234375,79.89945983886719,36.02423148344172,0.12851527333259583,35.05210876464844,15.089298248291016
N_30,csv_vs_target,True,,141.0,19.0,164.0,24.0,198.0,24.0,164.0,22.780299301688554,22.94584532375296,23.142784118652344,24.643417358398438,27.807449340820312,28.633407592773438,22.780299301688554,23.142784118652344,2.7513235627754895,8.898554414722092,8.963220829591,3212.022201538086,0.7994303625261933,151.32757568359375,176.15621948242188,24.828643798828125,16.40721704886151,0.07311112433671951,41.72151184082031,23.29041290283203
N_30,csv_vs_pred,True,,146.0,19.0,164.0,0.0,255.0,19.0,164.0,22.13932930933286,22.540720122711296,22.29885482788086,25.171171188354492,27.607357025146484,35.42643737792969,22.13932930933286,22.29885482788086,4.234874423559318,8.648175511458149,8.8049687979341,3232.3420791625977,0.4739908507191967,151.32757568359375,282.46209716796875,131.134521484375,86.65606442403768,0.14508746564388275,93.0518569946289,26.13958740234375
N_30,target_vs_pred,True,,175.0,24.0,198.0,0.0,255.0,24.0,198.0,4.9047607421875,6.301945007865341,2.9658660888671875,7.91192626953125,13.590444183349604,15.20098876953125,-2.752522408621652,-2.08062744140625,5.669050297200983,1.9159221649169924,2.461697268697399,858.3331298828125,0.22120153239766605,176.15621948242188,282.46209716796875,106.30587768554688,60.347501775331914,0.11143192648887634,57.197330474853516,7.836742401123047
N_31,csv_vs_target,True,,135.0,19.0,162.0,28.0,232.0,28.0,162.0,40.67612078631366,40.69828373589491,40.71598815917969,41.78513717651367,42.686875915527345,42.81681823730469,40.67612078631366,40.71598815917969,1.342943343790029,15.889109682153773,15.89776708433395,5491.276306152344,0.940912514850195,145.2724609375,205.63638305664062,60.363922119140625,41.55221280443203,0.029491636902093887,83.61141967773438,43.03254699707031
N_31,csv_vs_pred,True,,144.0,19.0,162.0,0.0,255.0,19.0,162.0,41.47368950313992,42.1938882315352,37.99049377441406,43.23372268676758,61.20229606628418,64.76337432861328,41.47368950313992,37.99049377441406,7.76255647917785,16.200659962164032,16.48198759044344,5972.211288452148,-0.30069611788546585,145.2724609375,289.13507080078125,143.86260986328125,99.0295124932672,0.11036624014377594,103.34183502197266,44.52660369873047
N_31,target_vs_pred,True,,205.0,28.0,232.0,0.0,255.0,28.0,232.0,6.230735108910538,8.557270814982619,4.4886016845703125,7.0888519287109375,20.102938842773426,25.33917236328125,2.8299216293707126,0.519805908203125,8.075792677661624,2.4338809019181786,3.3426839121025855,1277.3006973266602,-0.39366231231491733,205.63638305664062,289.13507080078125,83.49868774414062,40.60501672852376,0.09290526807308197,28.152589797973633,6.456951141357422
N_32,csv_vs_target,True,,162.0,7.0,176.0,15.0,207.0,15.0,176.0,20.27765443589952,20.591064666107098,19.569664001464844,23.318885803222656,26.269891357421873,27.635574340820312,20.27765443589952,19.569664001464844,3.5789208795457617,7.920958764023251,8.043384635198086,3284.9800186157227,0.9227236318360162,181.36558532714844,195.1314697265625,13.765884399414062,7.590130384341691,0.06550008058547974,39.37211608886719,20.5310115814209
N_32,csv_vs_pred,True,,170.0,7.0,176.0,0.0,255.0,7.0,176.0,20.591254739200366,21.23315502603381,21.554889678955078,23.866615295410156,26.595163726806636,27.91656494140625,20.591254739200366,21.554889678955078,5.181418784941357,8.043458882500143,8.294201182044457,3500.5133056640625,0.8259695783622364,181.36558532714844,318.85491943359375,137.4893341064453,75.80784074931324,0.10390013456344604,79.01148223876953,22.675094604492188
N_32,target_vs_pred,True,,193.0,15.0,207.0,0.0,255.0,15.0,207.0,5.713307276908598,9.104403809490398,2.4957122802734375,6.67889404296875,23.29141235351562,23.797897338867188,-2.0680806846816306,0.7470932006835938,8.866409138310166,2.231760655042421,3.5564077380821866,1102.6683044433594,0.5268848399716985,195.1314697265625,318.85491943359375,123.72344970703125,63.40517491825601,0.12085140496492386,53.19385528564453,6.970010757446289
N_33,csv_vs_target,True,,143.0,10.0,156.0,14.0,201.0,14.0,156.0,31.53232067615002,31.61478892836148,31.958831787109375,33.452205657958984,34.249987030029295,34.668609619140625,31.53232067615002,31.958831787109375,2.2820236110280585,12.317312764121102,12.349526925141204,4509.121856689453,0.7101044555200308,149.3004608154297,193.32957458496094,44.02911376953125,29.49027318878306,0.04563543573021889,46.3840446472168,31.6134090423584
N_33,csv_vs_pred,True,,147.0,10.0,156.0,0.0,255.0,10.0,156.0,31.012204643820418,31.85869471658155,29.88426971435547,31.66403579711914,46.00226669311523,46.503456115722656,31.012204643820418,29.88426971435547,7.2951759522402435,12.114142438992351,12.444802623664668,4558.794082641602,-0.09659481691057942,149.3004608154297,291.929443359375,142.6289825439453,95.53150858034856,0.10446194559335709,103.66978454589844,35.33293151855469
N_33,target_vs_pred,True,,188.0,14.0,201.0,0.0,255.0,14.0,201.0,7.916437879521796,9.871206824521344,6.8596343994140625,11.573049545288086,19.323825073242187,22.966506958007812,2.9159548739169505,-1.100860595703125,9.43069092621303,3.0923585466882018,3.8559401658286503,1488.2903213500977,-0.04445291895790066,193.32957458496094,291.929443359375,98.59986877441406,51.00092367191503,0.08715789765119553,57.41898727416992,10.583467483520508
N_34,csv_vs_target,True,,184.0,3.0,209.0,26.0,223.0,26.0,209.0,13.891394490781037,14.458952617802685,13.059741973876953,13.875860214233398,23.18209838867187,28.344253540039062,13.891394490781037,13.059741973876953,4.011292797261425,5.426325972961343,5.648028366329174,2556.016586303711,0.5707877705724188,210.99810791015625,202.28671264648438,-8.711395263671875,-4.128660370247657,0.06700851768255234,34.88536071777344,14.367247581481934
N_34,csv_vs_pred,True,,207.0,3.0,209.0,0.0,255.0,3.0,209.0,19.88170693807556,21.88299578355917,20.10552978515625,25.432357788085938,33.983515930175784,34.616554260253906,19.88170693807556,20.10552978515625,9.142386651840244,7.766291772685766,8.548045227952802,4115.513336181641,0.33992059426678,210.99810791015625,297.9371337890625,86.93902587890625,41.20369928236742,0.1421886533498764,47.64560317993164,19.675262451171875
N_34,target_vs_pred,True,,198.0,26.0,223.0,0.0,255.0,26.0,223.0,8.910224606292417,10.477310499664581,8.114131927490234,12.616659164428711,19.5819839477539,20.30609130859375,4.861465916489109,5.835166931152344,9.281173656881782,3.4805564868329752,4.092699413931477,1764.2244720458984,0.43748523843737713,202.28671264648438,297.9371337890625,95.65042114257812,47.28457934110978,0.14327380061149597,37.4936637878418,9.56946086883545
N_35,csv_vs_target,True,,136.0,10.0,154.0,19.0,219.0,19.0,154.0,30.310315244338092,30.35221844718165,29.941516876220703,32.004539489746094,32.810258865356445,33.084434509277344,30.310315244338092,29.941516876220703,1.5943507939847985,11.839966892319568,11.856335330930332,4122.2028732299805,0.49597372777176396,146.0093231201172,204.61163330078125,58.60231018066406,40.13600564974897,0.034326791763305664,81.59417724609375,33.593658447265625
N_35,csv_vs_pred,True,,145.0,10.0,154.0,0.0,255.0,10.0,154.0,55.228319891567885,55.387232313194076,55.44195556640625,58.145538330078125,62.152131652832026,63.95857238769531,55.228319891567885,55.44195556640625,4.192634645467804,21.573562457643707,21.635637622341434,8008.106384277344,-0.4204811105861574,146.0093231201172,317.9059753417969,171.8966522216797,117.729915142811,0.1298452913761139,115.40499114990234,59.732276916503906
N_35,target_vs_pred,True,,201.0,19.0,219.0,0.0,255.0,19.0,219.0,24.38525159086161,25.58366577184903,25.301040649414062,28.600807189941406,39.12059020996094,42.9554443359375,24.38525159086161,25.301040649414062,7.738440358112283,9.525488902680317,9.993619442128528,4901.435569763184,0.2194548468260866,204.61163330078125,317.9059753417969,113.29434204101562,55.37043041386347,0.13564948737621307,39.84037399291992,22.981895446777344
N_36,csv_vs_target,True,,115.0,8.0,122.0,5.0,202.0,8.0,122.0,45.61332108870796,45.714996563950756,46.028076171875,47.65192413330078,49.847748565673825,51.979286193847656,45.61332108870796,46.028076171875,3.0472692858456822,17.817703550276548,17.857420532793263,5245.531925201416,0.6462040507537149,121.7652359008789,197.97305297851562,76.20781707763672,62.58585753770799,0.08698096871376038,94.86470794677734,49.15623092651367
N_36,csv_vs_pred,True,,115.0,8.0,122.0,0.0,255.0,8.0,122.0,57.01921390035878,57.32875211091272,55.342247009277344,62.41294479370117,66.42489166259766,68.65608215332031,57.01921390035878,55.342247009277344,5.94937515875505,22.27313042982765,22.39404379332528,6557.20959854126,0.042227623711040566,121.7652359008789,283.8601989746094,162.09496307373047,133.12088779786808,0.13703182339668274,145.3728485107422,64.11357879638672
N_36,target_vs_pred,True,,198.0,5.0,202.0,0.0,255.0,5.0,202.0,9.810364501644866,11.445887030986082,10.039314270019531,15.315086364746094,17.71645622253418,20.807083129882812,9.810364501644866,10.039314270019531,5.896191844823375,3.832173633455026,4.471049621478938,1942.4521713256836,0.19955056568857363,197.97305297851562,283.8601989746094,85.88714599609375,43.38325075033118,0.10724732279777527,53.55705261230469,11.134458541870117
N_37,csv_vs_target,True,,162.0,7.0,174.0,13.0,208.0,13.0,174.0,18.414390611059872,18.48474229140981,18.289505004882812,19.713106155395508,20.80505409240722,23.055213928222656,18.414390611059872,18.289505004882812,1.6111846583009635,7.193121332445262,7.220602457581957,2983.131278991699,0.9316321417971319,170.52044677734375,196.55682373046875,26.036376953125,15.268771249230301,0.04618627205491066,43.73418045043945,19.41099739074707
N_37,csv_vs_pred,True,,168.0,7.0,174.0,0.0,255.0,7.0,174.0,32.203388713655016,32.66087076660513,32.99551010131836,36.35660171508789,40.19210433959961,40.957427978515625,32.203388713655016,32.99551010131836,5.447406225913211,12.579448716271491,12.758152643205129,5410.169303894043,0.3071687156227621,170.52044677734375,307.86614990234375,137.345703125,80.54500543051238,0.10772597044706345,85.72335052490234,33.7536735534668
N_37,target_vs_pred,True,,196.0,13.0,208.0,0.0,255.0,13.0,208.0,11.670393223665199,13.694304565176049,12.3685302734375,18.101303100585938,23.4739990234375,24.61725616455078,11.648494681533503,12.3685302734375,7.200454789670392,4.558747352994218,5.349337720771894,2287.397071838379,0.1082221160658816,196.55682373046875,307.86614990234375,111.309326171875,56.6295914095796,0.09618206322193146,47.00326919555664,12.370630264282227
N_38,csv_vs_target,True,,175.0,2.0,185.0,11.0,220.0,11.0,185.0,21.25922668457031,21.58468261769001,22.75872802734375,23.720375061035156,25.8057258605957,26.772666931152344,21.25922668457031,22.75872802734375,3.7341403937804536,8.304385423660278,8.43151664753516,3720.3646697998047,0.8516701384700919,209.08033752441406,214.65353393554688,5.5731964111328125,2.6655765323774068,0.07575636357069016,35.1375846862793,20.18598175048828
N_38,csv_vs_pred,True,,184.0,2.0,185.0,0.0,255.0,2.0,185.0,13.622244212938392,15.305245312650804,11.211536407470703,16.63780975341797,27.051783370971677,28.97381591796875,13.622244212938392,11.211536407470703,6.977463484926733,5.321189145679059,5.9786114502542205,2506.492935180664,0.39186263243778563,209.08033752441406,294.5984802246094,85.51814270019531,40.90204928338575,0.16804185509681702,70.01969909667969,15.596063613891602
N_38,target_vs_pred,True,,210.0,11.0,220.0,0.0,255.0,11.0,220.0,8.64069326491583,9.414077775473462,9.229095458984375,11.247417449951172,13.288481140136717,14.963111877441406,-5.636470722016834,-9.008758544921875,7.540229317634207,3.3752708066077464,3.677374131044321,1814.5455856323242,0.15612663695242657,214.65353393554688,294.5984802246094,79.9449462890625,37.24371307548231,0.11682909727096558,35.02983474731445,8.662137985229492
N_39,csv_vs_target,True,,156.0,2.0,176.0,21.0,197.0,21.0,176.0,15.753363731579903,16.051177303239566,15.640430450439453,18.118268966674805,21.143234252929688,21.36455535888672,15.753363731579903,15.640430450439453,3.0776328501911894,6.153657707648399,6.269991134077955,2457.524742126465,-0.2692126520638418,182.51559448242188,177.23104858398438,-5.2845458984375,-2.895394178855723,0.08374794572591782,25.81145477294922,15.559585571289062
N_39,csv_vs_pred,True,,175.0,2.0,176.0,0.0,255.0,2.0,176.0,19.615623648507256,20.430602667373556,20.98723602294922,23.373329162597656,26.136218261718735,29.494483947753906,19.615623648507256,20.98723602294922,5.712865676017108,7.662352987698147,7.980704166942795,3432.7341384887695,0.21678848302390863,182.51559448242188,301.08624267578125,118.57064819335938,64.96466700454052,0.12091803550720215,82.5342788696289,22.745132446289062
N_39,target_vs_pred,True,,177.0,21.0,197.0,0.0,255.0,21.0,197.0,6.23429189563471,6.973736566146998,5.85943603515625,8.758399963378906,10.524037170410157,13.143783569335938,4.602105609441208,5.490638732910156,5.239620754746044,2.4352702717323087,2.724115846151171,1103.4696655273438,0.2526171258980924,177.23104858398438,301.08624267578125,123.85519409179688,69.88346290019118,0.126670241355896,58.6767463684082,8.994300842285156
N_4,csv_vs_target,True,,155.0,30.0,192.0,38.0,221.0,38.0,192.0,18.910307804230722,19.005168666822502,19.153228759765625,20.206771850585938,21.59133377075195,21.7120361328125,18.910307804230722,19.153228759765625,1.8964954003694605,7.386838986027626,7.42389401047754,2931.0977096557617,0.9108359070905248,164.6910400390625,189.6748504638672,24.983810424804688,15.170109082656744,0.028864411637187004,29.09636116027832,18.49762725830078
N_4,csv_vs_pred,True,,163.0,30.0,192.0,0.0,255.0,30.0,192.0,32.477618679678514,33.85718926297148,29.64385986328125,35.68124008178711,56.8516830444336,59.54579162597656,32.477618679678514,29.64385986328125,9.566271462072821,12.686569796749419,13.225464555848236,5293.851844787598,-0.4767925032519381,164.6910400390625,308.6199035644531,143.92886352539062,87.39325678100843,0.1076015755534172,69.43665313720703,33.07819366455078
N_4,target_vs_pred,True,,184.0,38.0,221.0,0.0,255.0,38.0,221.0,16.578053391498067,19.873547889078743,11.188674926757812,25.227508544921875,36.411719131469724,39.166893005371094,16.578053391498067,11.188674926757812,10.96020307513258,6.475802106053933,7.763104644171384,3050.3618240356445,0.03845079398404854,189.6748504638672,308.6199035644531,118.94505310058594,62.70997594221054,0.10137288272380829,47.26860809326172,16.557077407836914
N_40,csv_vs_target,True,,129.0,20.0,159.0,31.0,217.0,31.0,159.0,36.18794670400693,36.255807383773636,35.57215881347656,37.39717102050781,40.5602294921875,41.383056640625,36.18794670400693,35.57215881347656,2.217224029557809,14.135916681252708,14.162424759286576,4668.2451248168945,0.1387760224446163,143.73329162597656,189.75100708007812,46.01771545410156,32.016045086233376,0.06442514806985855,61.8310661315918,37.47266387939453
N_40,csv_vs_pred,True,,140.0,20.0,159.0,0.0,255.0,20.0,159.0,35.1630808694022,36.39516689629183,31.952373504638672,40.67116355895996,54.08016166687012,55.48506164550781,35.1630808694022,31.952373504638672,9.389670770629689,13.735578464610235,14.216862068863998,4922.831321716309,0.11853569390763888,143.73329162597656,332.984619140625,189.25132751464844,131.66840149598207,0.21493634581565857,100.35559844970703,36.552955627441406
N_40,target_vs_pred,True,,187.0,31.0,217.0,0.0,255.0,31.0,217.0,8.187182543749477,9.763458908622304,7.693778991699219,12.005420684814453,17.412882995605468,18.66888427734375,-1.3935725166198405,-2.7453155517578125,9.663492407058543,3.1981181811521395,3.813851136180588,1531.0031356811523,0.22421860658990111,189.75100708007812,332.984619140625,143.23361206054688,75.48503391739648,0.15181279182434082,38.79597473144531,9.091078758239746
N_41,csv_vs_target,True,,140.0,7.0,174.0,18.0,157.0,18.0,157.0,9.949303218296595,10.51704215545092,10.732154846191406,12.075925827026367,14.608863830566404,17.054855346679688,9.949303218296595,10.732154846191406,3.408744808565864,3.8864465696471076,4.108219591973016,1392.9024505615234,0.5049774262964306,176.24542236328125,141.70816040039062,-34.537261962890625,-19.59611858158902,0.07129959017038345,22.934982299804688,10.356925964355469
N_41,csv_vs_pred,True,,168.0,7.0,174.0,0.0,255.0,7.0,174.0,20.704421588352748,21.01100529659168,21.47604751586914,23.665992736816406,25.330771255493165,26.1932373046875,20.704421588352748,21.47604751586914,3.576208923588813,8.087664682950292,8.207423943981125,3478.3428268432617,0.15341602138817492,176.24542236328125,283.2388000488281,106.99337768554688,60.707039221103216,0.09149861335754395,85.52945709228516,24.433664321899414
N_41,target_vs_pred,True,,140.0,18.0,157.0,0.0,255.0,18.0,157.0,10.06387083871024,10.72174320480924,11.013862609863281,13.249643325805664,14.366803741455076,14.85089111328125,10.06387083871024,11.013862609863281,3.69787521309613,3.9311995463711877,4.18818093937861,1408.9419174194336,0.1292544188402253,141.70816040039062,283.2388000488281,141.5306396484375,99.87472791867523,0.05622294172644615,98.7403793334961,17.857410430908203
N_42,csv_vs_target,True,,138.0,10.0,154.0,17.0,206.0,17.0,154.0,28.307695803434953,28.904697204931466,27.129955291748047,30.87272834777832,39.77978515625,40.40245819091797,28.307695803434953,27.129955291748047,5.844303107211673,11.057693673216779,11.290897345676354,3906.4620208740234,0.6612752815023553,150.34475708007812,193.64486694335938,43.30010986328125,28.800545294265405,0.06441742181777954,59.131046295166016,29.862884521484375
N_42,csv_vs_pred,True,,145.0,10.0,154.0,0.0,255.0,10.0,154.0,41.00507144270272,41.62871288282894,40.15179443359375,45.83777618408203,55.00532379150389,61.244728088378906,41.00507144270272,40.15179443359375,7.178708258444166,16.01760603230575,16.261215969855055,5945.7353591918945,0.1609714976519385,150.34475708007812,302.90423583984375,152.55947875976562,101.47309537928254,0.15806177258491516,109.37559509277344,44.64066696166992
N_42,target_vs_pred,True,,190.0,17.0,206.0,0.0,255.0,17.0,206.0,10.073625022486636,11.99508741467816,8.113990783691406,16.445049285888672,20.927983856201166,21.959152221679688,9.985891723632813,8.113990783691406,6.6456067119302284,3.9350097744088424,4.685581021358656,1913.988754272461,0.48927957224297475,193.64486694335938,302.90423583984375,109.25936889648438,56.42254845970185,0.12893477082252502,50.91307830810547,11.616533279418945
N_43,csv_vs_target,True,,129.0,9.0,144.0,16.0,210.0,16.0,144.0,40.850195418956666,40.92977600304244,39.944664001464844,43.319847106933594,44.87996215820313,45.111793518066406,40.850195418956666,39.944664001464844,2.5510973898070555,15.957107585529947,15.988193751188454,5269.67520904541,0.8748403303757468,139.338623046875,197.80154418945312,58.462921142578125,41.95744141860425,0.0576537661254406,73.5939712524414,42.89885711669922
N_43,csv_vs_pred,True,,136.0,9.0,144.0,0.0,255.0,9.0,144.0,29.650693332447727,31.53977266091856,33.37873458862305,37.67070198059082,38.85200309753418,39.44525146484375,29.650693332447727,33.37873458862305,10.751448479510364,11.582302082987393,12.320223695671311,4032.4942932128906,-0.5145510937853814,139.338623046875,316.46478271484375,177.12615966796875,127.11921201896023,0.13996854424476624,113.71692657470703,34.82215118408203
N_43,target_vs_pred,True,,195.0,16.0,210.0,0.0,255.0,16.0,210.0,13.661480439014923,16.343773083702377,13.921615600585938,17.296772003173828,31.880839538574204,36.566986083984375,-13.661480439014923,-13.921615600585938,8.971224600129402,5.336515796490204,6.384286360821241,2663.98868560791,0.09079635656248154,197.80154418945312,316.46478271484375,118.66323852539062,59.99105770667623,0.1267877072095871,45.679500579833984,13.572921752929688
N_44,csv_vs_target,True,,145.0,6.0,156.0,12.0,210.0,12.0,156.0,38.72684115705819,38.790617144447744,38.41133117675781,39.887596130371094,42.415679931640625,42.765960693359375,38.72684115705819,38.41133117675781,2.223455068830325,15.127672326975855,15.1525848220499,5615.3919677734375,0.9242004019810128,153.28565979003906,201.85794067382812,48.57228088378906,31.687426564984314,0.044714026153087616,57.16365432739258,38.55268096923828
N_44,csv_vs_pred,True,,151.0,6.0,156.0,0.0,255.0,6.0,156.0,41.63335322702168,42.901192375892606,37.706268310546875,46.047889709472656,63.28057098388672,64.34713745117188,41.63335322702168,37.706268310546875,10.352594184424955,16.263028604305344,16.75827827183305,6286.636337280273,-0.6071531060468786,153.28565979003906,280.4761657714844,127.19050598144531,82.97612845674223,0.1212262511253357,108.5915756225586,45.83599090576172
N_44,target_vs_pred,True,,199.0,12.0,210.0,0.0,255.0,12.0,210.0,12.039619100752788,16.15963005470785,6.2780303955078125,22.717052459716797,28.633648681640622,32.17413330078125,9.258749113610042,2.6284637451171875,13.244214146420408,4.702976211231558,6.312355490120254,2395.8842010498047,-0.5002713127622572,201.85794067382812,280.4761657714844,78.61822509765625,38.947303648954126,0.10452437400817871,51.905662536621094,13.11667537689209
N_45,csv_vs_target,True,,161.0,23.0,187.0,27.0,220.0,27.0,187.0,14.711677551269531,14.834536424550818,14.625595092773438,16.062095642089844,18.25067138671875,18.540138244628906,14.711677551269531,14.625595092773438,1.9052597090153,5.746749043464661,5.794740790840163,2368.5800857543945,0.978748145135126,170.75132751464844,199.00167846679688,28.250350952148438,16.54473283557366,0.07321751117706299,33.0064697265625,14.800710678100586
N_45,csv_vs_pred,True,,165.0,23.0,187.0,0.0,255.0,23.0,187.0,16.43727615818833,18.24125296242442,13.859611511230469,24.951087951660156,28.31729278564453,30.03740692138672,16.43727615818833,13.859611511230469,7.909441329108594,6.420810999292316,7.125489438447039,2712.150566101074,0.494943493790895,170.75132751464844,281.59002685546875,110.83869934082031,64.91234999319137,0.14382493495941162,68.28182983398438,19.048870086669922
N_45,target_vs_pred,True,,194.0,27.0,220.0,0.0,255.0,27.0,220.0,5.838982414953487,6.634510959996182,5.552349090576172,8.321687698364258,10.815092849731446,11.998382568359375,1.09328696654015,0.6126480102539062,6.543810761865205,2.280852505841206,2.5916058437485083,1132.7625885009766,0.5584350096145123,199.00167846679688,281.59002685546875,82.58834838867188,41.50133256202735,0.10927344113588333,35.43635559082031,7.260788440704346
N_46,csv_vs_target,True,,141.0,10.0,156.0,16.0,219.0,16.0,156.0,41.710921050808956,41.78768734051508,42.37895965576172,43.75700378417969,44.54139709472656,45.027793884277344,41.710921050808956,42.37895965576172,2.5317737580255386,16.29332853547225,16.3233153673887,5881.2398681640625,0.3563125439245911,149.9835968017578,206.5085906982422,56.524993896484375,37.68745055996227,0.04837620630860329,82.65817260742188,43.438011169433594
N_46,csv_vs_pred,True,,147.0,10.0,156.0,0.0,255.0,10.0,156.0,35.1979957632467,35.49918538464301,35.790367126464844,37.41038131713867,44.934763336181625,52.09429168701172,35.1979957632467,35.790367126464844,4.614461747996066,13.749217095018244,13.866869290876178,5174.105377197266,-0.45061722314980474,149.9835968017578,284.4596862792969,134.47608947753906,89.66053110882386,0.1351795643568039,104.15018463134766,38.95781707763672
N_46,target_vs_pred,True,,204.0,16.0,219.0,0.0,255.0,16.0,219.0,9.809766881606159,11.86999283684296,7.064208984375,12.138635635375977,26.64645652770996,27.86652374267578,-9.436100529689416,-6.9881591796875,7.201162179835855,3.8319401881274056,4.636715951891781,2001.1924438476562,-0.4411980038291512,206.5085906982422,284.4596862792969,77.95109558105469,37.74714422955165,0.10228374600410461,41.7604866027832,11.102803230285645
N_47,csv_vs_target,True,,128.0,9.0,140.0,13.0,201.0,13.0,140.0,48.715149223804474,48.76287159855512,48.64855194091797,50.19128608703613,51.89851684570313,52.201019287109375,48.715149223804474,48.64855194091797,2.156822347722751,19.029355165548623,19.047996718185594,6235.539100646973,0.958990067241489,133.71803283691406,191.1676788330078,57.44964599609375,42.9632748650023,0.04163229465484619,68.20721435546875,48.46051788330078
N_47,csv_vs_pred,True,,132.0,9.0,140.0,0.0,255.0,9.0,140.0,29.385885816631895,29.88839793729393,29.519439697265625,34.96371650695801,36.41155090332031,36.78119659423828,29.385885816631895,29.519439697265625,5.457659391159233,11.478861647121834,11.675155444255441,3878.93692779541,0.15803301829067615,133.71803283691406,271.797119140625,138.07908630371094,103.26138020725266,0.08588877320289612,119.61325073242188,37.02188491821289
N_47,target_vs_pred,True,,189.0,13.0,201.0,0.0,255.0,13.0,201.0,14.805648480773602,16.858318078005272,13.598709106445312,20.227951049804688,28.412860107421874,29.420074462890625,-14.003265784531044,-13.598709106445312,9.386769187903875,5.783456437802188,6.58528049922081,2798.267562866211,0.019411473071785996,191.1676788330078,271.797119140625,80.62944030761719,42.17733917972207,0.06632426381111145,54.052547454833984,16.25226593017578
N_48,csv_vs_target,True,,129.0,9.0,141.0,13.0,175.0,13.0,141.0,45.885751118031585,46.21111584084882,48.377479553222656,50.39447021484375,51.4752700805664,52.913330078125,45.885751118031585,48.377479553222656,5.474036133458716,17.924121530481088,18.05121712533157,5919.261894226074,-0.37918342920667336,134.38992309570312,165.84835815429688,31.45843505859375,23.40832878805237,0.057367634028196335,62.89677810668945,46.12477111816406
N_48,csv_vs_pred,True,,133.0,9.0,141.0,0.0,255.0,9.0,141.0,40.13697969823852,40.639126853341956,38.5225830078125,43.83137512207031,54.435427856445294,62.4833984375,40.13697969823852,38.5225830078125,6.368790474274431,15.678507694624422,15.874658927086701,5338.218299865723,-0.0683096612986522,134.38992309570312,302.74798583984375,168.35806274414062,125.27580852302458,0.11921815574169159,123.14401245117188,46.12646484375
N_48,target_vs_pred,True,,163.0,13.0,175.0,0.0,255.0,13.0,175.0,7.200205984291124,8.631244122317323,5.9231414794921875,10.373855590820312,15.416850280761722,22.212722778320312,-4.338773200848351,-4.7531585693359375,7.461462471301286,2.8125804626137203,3.3715797352802044,1173.6335754394531,-0.007855073267860519,165.84835815429688,302.74798583984375,136.89962768554688,82.54506056064054,0.1460258960723877,80.25150299072266,11.929676055908203
N_49,csv_vs_target,True,,143.0,10.0,154.0,12.0,207.0,12.0,154.0,42.73053533380682,42.825547689439766,42.96636962890625,43.8745231628418,47.62628250122071,49.19109344482422,42.73053533380682,42.96636962890625,2.8511199530652602,16.69161536476829,16.728729566187408,6110.466552734375,0.9726464537658563,166.2705841064453,207.5576629638672,41.287078857421875,24.831258684041813,0.1330479234457016,79.77272033691406,42.040279388427734
N_49,csv_vs_pred,True,,145.0,10.0,154.0,0.0,255.0,10.0,154.0,35.67042604643723,37.52388514342772,39.29975891113281,42.35215759277344,50.77692718505859,51.566734313964844,35.67042604643723,39.29975891113281,11.647431559052311,13.933760174389542,14.657767634151453,5172.211776733398,0.11112112868458816,166.2705841064453,314.87530517578125,148.60472106933594,89.37523246160167,0.18513379991054535,112.31044006347656,39.66301345825195
N_49,target_vs_pred,True,,196.0,12.0,207.0,0.0,255.0,12.0,207.0,9.422857245620417,12.989940596421517,5.841800689697266,13.282768249511719,30.38953399658203,33.902618408203125,-5.497927140216438,-2.4284286499023438,11.76908466531834,3.680803611570475,5.0741955454771555,1846.8800201416016,0.254561857126843,207.5576629638672,314.87530517578125,107.31764221191406,51.70497714913375,0.14245155453681946,49.13557815551758,11.179235458374023
N_5,csv_vs_target,True,,107.0,4.0,118.0,12.0,181.0,12.0,118.0,33.79025764108818,34.129993104656194,35.27333068847656,37.41719055175781,39.755432510375975,39.91231918334961,33.79025764108818,35.27333068847656,4.803635901352318,13.199319391050071,13.332028556506327,3615.5575675964355,0.028706161339513987,117.37660217285156,178.1382293701172,60.761627197265625,51.76638790634779,0.0336691252887249,83.95589447021484,36.72887420654297
N_5,csv_vs_pred,True,,115.0,4.0,118.0,0.0,255.0,4.0,118.0,52.86436107469642,53.55229208084485,53.36629104614258,60.264732360839844,66.53040924072266,67.69649887084961,52.86436107469642,53.36629104614258,8.556127352736176,20.650141044803288,20.91886409408002,6079.401523590088,0.10831278188382144,117.37660217285156,312.05682373046875,194.6802215576172,165.8594796042405,0.13671396672725677,146.44161987304688,58.3775520324707
N_5,target_vs_pred,True,,170.0,12.0,181.0,0.0,255.0,12.0,181.0,18.73635783475988,19.71977851117625,20.439956665039062,23.337970733642578,26.086525344848628,27.78760528564453,13.85426815257353,17.957992553710938,14.033136445087232,7.318889779203078,7.703038480928223,3185.1808319091797,-0.16664726817234055,178.1382293701172,312.05682373046875,133.91859436035156,75.17678536850822,0.16658435761928558,74.09558868408203,19.53316879272461
N_50,csv_vs_target,True,,133.0,9.0,145.0,13.0,222.0,13.0,145.0,57.722743615171964,57.762440172142085,58.71821594238281,59.4046630859375,60.204873657226564,60.45930480957031,57.722743615171964,58.71821594238281,2.1411128362181144,22.54794672467655,22.563453192243003,7677.124900817871,0.9586180584245403,140.25570678710938,213.972900390625,73.71719360351562,52.55914022104868,0.048102013766765594,100.31626892089844,58.96171569824219
N_50,csv_vs_pred,True,,137.0,9.0,145.0,0.0,255.0,9.0,145.0,43.724400095696,44.29387282894451,43.84870147705078,49.55219268798828,53.97548675537109,55.35881042480469,43.724400095696,43.84870147705078,7.0798309625448494,17.07984378738125,17.302294073806447,5990.242813110352,0.23782810437333252,140.25570678710938,286.147216796875,145.89151000976562,104.01823450992184,0.11371079087257385,121.57268524169922,48.31418228149414
N_50,target_vs_pred,True,,210.0,13.0,222.0,0.0,255.0,13.0,222.0,10.372086733863467,12.772191971946992,10.210594177246094,16.700050354003906,22.700311279296873,25.713607788085938,-10.32471923828125,-10.210594177246094,7.518581010997501,4.0515963804154165,4.989137489041793,2178.138214111328,0.3517259969863879,213.972900390625,286.147216796875,72.17431640625,33.730587504827405,0.0773441344499588,35.29909896850586,11.24935531616211
N_51,csv_vs_target,True,,156.0,11.0,172.0,17.0,222.0,17.0,172.0,27.74966210585374,28.112679208404984,27.873291015625,31.348363876342773,34.468013763427734,34.819114685058594,27.74966210585374,27.873291015625,4.50321943565165,10.839711760099117,10.981515315783197,4328.947288513184,0.618872567167971,171.0697784423828,213.8887176513672,42.818939208984375,25.03010151550702,0.06547435373067856,64.72305297851562,28.486122131347656
N_51,csv_vs_pred,True,,162.0,11.0,172.0,0.0,255.0,11.0,172.0,45.89208489877206,46.325483964661515,45.2391242980957,52.62493324279785,55.137177276611325,56.235877990722656,45.89208489877206,45.2391242980957,6.32194655181518,17.926595663582837,18.095892173695905,7434.517753601074,-0.29160697691692156,171.0697784423828,286.1394958496094,115.06971740722656,67.26478425834645,0.1032789871096611,93.66417694091797,46.258567810058594
N_51,target_vs_pred,True,,206.0,17.0,222.0,0.0,255.0,17.0,222.0,16.79771738144958,17.854641198291965,17.84203338623047,20.437807083129883,26.666433334350586,31.308944702148438,13.062520332706784,16.03557586669922,12.172048918623625,6.561608352128742,6.974469218082799,3460.3297805786133,-0.5698775658132563,213.8887176513672,286.1394958496094,72.25077819824219,33.779611654239304,0.08594943583011627,33.921966552734375,16.40622901916504
N_52,csv_vs_target,True,,139.0,2.0,151.0,13.0,173.0,13.0,151.0,36.65883521210375,37.162974620072234,34.867767333984375,43.216392517089844,45.34706573486328,45.72974395751953,36.65883521210375,34.867767333984375,6.100531411603028,14.319857504728029,14.516786960965716,5095.578094482422,0.33756316362488004,156.82138061523438,162.87155151367188,6.0501708984375,3.85800129696343,0.05349601060152054,47.342498779296875,36.244140625
N_52,csv_vs_pred,True,,150.0,2.0,151.0,0.0,255.0,2.0,151.0,47.812716522216796,48.435799687363726,45.815277099609375,52.56690788269043,64.78213539123533,69.09553527832031,47.812716522216796,45.815277099609375,7.744083555887115,18.676842391490936,18.920234252876455,7171.9074783325195,-0.2299627761194771,156.82138061523438,299.10626220703125,142.28488159179688,90.73053752270154,0.1190449520945549,118.00750732421875,52.68498992919922
N_52,target_vs_pred,True,,161.0,13.0,173.0,0.0,255.0,13.0,173.0,11.381159290763902,13.119445049377887,9.704116821289062,18.355667114257812,21.045921325683594,23.996246337890625,11.381159290763902,9.704116821289062,6.526028777281363,4.445765347954649,5.124783222413237,1832.3666458129883,0.07128745512315665,162.87155151367188,299.10626220703125,136.23471069335938,83.64549205731544,0.10466011613607407,83.01820373535156,16.207138061523438
N_53,csv_vs_target,True,,123.0,12.0,138.0,16.0,208.0,16.0,138.0,34.995494067184325,35.08356357056975,34.65443420410156,35.96282196044922,39.76056747436523,44.65068054199219,34.995494067184325,34.65443420410156,2.484316365496912,13.670114869993878,13.704517019753808,4304.445770263672,0.9477698592212902,131.00888061523438,195.6239776611328,64.61509704589844,49.32115802953632,0.053181424736976624,80.94046020507812,38.69944763183594
N_53,csv_vs_pred,True,,127.0,12.0,138.0,0.0,255.0,12.0,138.0,46.97620962548444,47.76304840189189,43.962120056152344,56.08284378051758,58.24150619506836,59.637062072753906,46.97620962548444,43.962120056152344,8.633916947944968,18.350081884954857,18.65744078198902,5965.978622436523,-0.21320471559126725,131.00888061523438,278.75286865234375,147.74398803710938,112.77402518974851,0.10332700610160828,124.6709976196289,52.14075469970703
N_53,target_vs_pred,True,,193.0,16.0,208.0,0.0,255.0,16.0,208.0,9.896080807700676,12.178095672164796,9.188438415527344,15.3935546875,21.568824768066406,22.490554809570312,6.078396060923838,6.05377197265625,10.552682859204314,3.8656565655080763,4.757068621939373,1909.9435958862305,-0.215079984161016,195.6239776611328,278.75286865234375,83.12889099121094,42.494223857854735,0.08532390743494034,47.06223678588867,11.388513565063477
N_54,csv_vs_target,True,,147.0,6.0,160.0,14.0,189.0,14.0,160.0,39.2973217088349,39.34647376541754,40.18034362792969,40.93085479736328,41.464246368408205,42.16142272949219,39.2973217088349,40.18034362792969,1.966088575070769,15.350516292513634,15.369716314616227,5776.7062911987305,0.9161622322898535,158.7139892578125,176.00808715820312,17.294097900390625,10.896391666653106,0.0508725680410862,45.66410446166992,38.73726272583008
N_54,csv_vs_pred,True,,155.0,6.0,160.0,0.0,255.0,6.0,160.0,44.10186496857674,44.470910560929504,44.167259216308594,47.20307159423828,55.70310897827147,61.23058319091797,44.10186496857674,44.167259216308594,5.7172889039837,17.227291003350288,17.371449437863088,6835.7890701293945,0.29545951342957283,158.7139892578125,287.6756896972656,128.96170043945312,81.25414844298592,0.11722630262374878,107.76397705078125,47.316749572753906
N_54,target_vs_pred,True,,176.0,14.0,189.0,0.0,255.0,14.0,189.0,7.788663430647417,10.543013929477505,4.518867492675781,10.872682571411133,22.322965621948242,24.311111450195312,7.456903717734597,4.518867492675781,7.453169101905084,3.0424466525966474,4.11836481620215,1370.8047637939453,-0.1228460995382064,176.00808715820312,287.6756896972656,111.6676025390625,63.44458617537654,0.097638338804245,67.81852722167969,11.078409194946289
N_55,csv_vs_target,True,,137.0,14.0,157.0,21.0,219.0,21.0,157.0,38.163686432107525,38.235831890812115,38.17082214355469,40.13359832763672,41.395590209960936,42.12156677246094,38.163686432107525,38.17082214355469,2.3477389748898703,14.907690012542002,14.935871832348482,5228.4250411987305,0.14740070020570545,146.2131805419922,198.5330810546875,52.31990051269531,35.783299641779415,0.044183939695358276,74.95482635498047,40.440155029296875
N_55,csv_vs_pred,True,,144.0,14.0,157.0,0.0,255.0,14.0,157.0,42.421740002102325,42.4775172668149,42.702335357666016,44.201053619384766,45.27134056091309,45.752403259277344,42.421740002102325,42.702335357666016,2.1761085328149226,16.57099218832122,16.59278018234957,6108.730560302734,0.017662419071006578,146.2131805419922,270.579345703125,124.36616516113281,85.05810809368806,0.0886152982711792,108.49844360351562,46.94328308105469
N_55,target_vs_pred,True,,199.0,21.0,219.0,0.0,255.0,21.0,219.0,3.9034066511758008,4.422694588635161,3.8430328369140625,5.1950225830078125,7.779373168945312,8.22186279296875,3.050725198870328,3.4376296997070312,3.2020779480394186,1.5247682231155473,1.7276150736856097,776.7779235839844,-0.1649342945526029,198.5330810546875,270.579345703125,72.0462646484375,36.2892996280871,0.09695836901664734,36.27267837524414,5.151430130004883
N_56,csv_vs_target,True,,142.0,10.0,157.0,16.0,218.0,16.0,157.0,40.88903577562789,40.92702668156289,41.47769546508789,42.124202728271484,43.15468254089355,43.710784912109375,40.88903577562789,41.47769546508789,1.763027604090073,15.972279599854645,15.987119797485505,5806.24308013916,0.9447336011096067,149.37112426757812,209.1270751953125,59.755950927734375,40.005021865329994,0.04531872272491455,63.12983322143555,41.45880126953125
N_56,csv_vs_pred,True,,148.0,10.0,157.0,0.0,255.0,10.0,157.0,41.035791912594355,41.43978777438154,41.61921691894531,45.64575004577637,48.20603713989258,48.499473571777344,41.035791912594355,41.61921691894531,5.7723299361728655,16.02960621585717,16.18741709936779,6073.297203063965,0.38513517002403147,149.37112426757812,314.34356689453125,164.97244262695312,110.44466822140461,0.13208450376987457,110.75154113769531,43.65592575073242
N_56,target_vs_pred,True,,203.0,16.0,218.0,0.0,255.0,16.0,218.0,7.410299667583898,10.815406281068736,4.37188720703125,13.024181365966797,24.4220375061035,28.47753143310547,5.267888111433959,2.919769287109375,9.44575925323072,2.89464830764996,4.224768078542475,1504.2908325195312,0.41339809012732015,209.1270751953125,314.34356689453125,105.21649169921875,50.312228388371736,0.15456044673919678,51.161434173583984,8.47590160369873
N_57,csv_vs_target,True,,122.0,9.0,143.0,22.0,220.0,22.0,143.0,42.41232912657691,42.588173724428444,42.85065460205078,46.02977752685547,46.90149841308594,47.345130920410156,42.41232912657691,42.85065460205078,3.866119403356947,16.567316065069104,16.63600536110486,5174.304153442383,0.24815568795925416,136.7342529296875,199.64944458007812,62.915191650390625,46.0127512293076,0.04458125680685043,89.06969451904297,45.053741455078125
N_57,csv_vs_pred,True,,135.0,9.0,143.0,0.0,255.0,9.0,143.0,53.68499026828342,53.832912222968254,53.80016326904297,57.081268310546875,59.885964965820314,61.28870391845703,53.68499026828342,53.80016326904297,3.9880143304806466,20.97069932354821,21.028481337096974,7247.473686218262,-0.05624294293454843,136.7342529296875,298.4207458496094,161.68649291992188,118.24871196776175,0.1100485771894455,123.83173370361328,59.68342590332031
N_57,target_vs_pred,True,,199.0,22.0,220.0,0.0,255.0,22.0,220.0,15.017663083483825,17.606344975935748,12.151779174804688,16.225818634033203,37.5232551574707,38.81523895263672,15.017663083483825,12.151779174804688,9.189841071673932,5.86627464198587,6.877478506224902,2988.5149536132812,-0.06207830260585614,199.64944458007812,298.4207458496094,98.77130126953125,49.47236466013181,0.13141445815563202,38.59730911254883,13.91070556640625
N_58,csv_vs_target,True,,156.0,11.0,173.0,18.0,225.0,18.0,173.0,31.010167341965897,32.12553512145516,27.709049224853516,39.21352005004883,43.90553855895996,44.35792541503906,31.010167341965897,27.709049224853516,8.391634421441438,12.113346617955429,12.549037156818422,4837.58610534668,0.5553105412118449,175.08187866210938,219.02532958984375,43.943450927734375,25.098800207662258,0.05522580072283745,54.17654800415039,30.013355255126953
N_58,csv_vs_pred,True,,163.0,11.0,173.0,0.0,255.0,11.0,173.0,41.961041362739046,45.18652382780764,36.37505340576172,59.28054428100586,68.37009582519532,72.5398941040039,41.961041362739046,36.37505340576172,16.76582665410597,16.39103178231994,17.65098587023736,6839.649742126465,-0.6212055085911036,175.08187866210938,325.2995300292969,150.2176513671875,85.79851467581793,0.17042140662670135,95.51358032226562,41.57843017578125
N_58,target_vs_pred,True,,208.0,18.0,225.0,0.0,255.0,18.0,225.0,17.169702493227444,19.448393877351,18.88888931274414,24.620878219604492,28.92523765563964,31.262596130371094,13.760292383340689,18.88888931274414,13.743885110606831,6.70691503641697,7.5970288583402334,3571.2981185913086,0.18793862771398304,219.02532958984375,325.2995300292969,106.27420043945312,48.521420163418824,0.14566268026828766,48.19817352294922,16.84515380859375
N_59,csv_vs_target,True,,167.0,12.0,185.0,19.0,202.0,19.0,185.0,22.35218715096662,22.456551018771496,22.380126953125,24.085113525390625,25.379004669189452,25.811187744140625,22.35218715096662,22.380126953125,2.1625016131438617,8.731323105846336,8.772090241707616,3732.815254211426,0.9100449483968804,179.70925903320312,184.87344360351562,5.1641845703125,2.8736329991049603,0.05548767372965813,25.621870040893555,21.667800903320312
N_59,csv_vs_pred,True,,174.0,12.0,185.0,0.0,255.0,12.0,185.0,34.91119661002323,35.35220150735288,37.08361053466797,39.457929611206055,41.70112419128418,43.41748046875,34.91119661002323,37.08361053466797,5.5665521350998945,13.637186175790324,13.809453713809718,6074.548210144043,0.16767650089747907,179.70925903320312,289.18634033203125,109.47708129882812,60.91899876595073,0.14864003658294678,74.1808090209961,35.40100860595703
N_59,target_vs_pred,True,,184.0,19.0,202.0,0.0,255.0,19.0,202.0,12.197492640951406,13.259072950773819,14.212596893310547,16.822757720947266,18.5080078125,19.025146484375,12.197492640951406,14.212596893310547,5.198479468833,4.764645562871643,5.179325371396023,2244.3386459350586,0.127456256176415,184.87344360351562,289.18634033203125,104.31289672851562,56.423948561582144,0.11837432533502579,53.92625427246094,13.970687866210938
N_6,csv_vs_target,True,,165.0,22.0,186.0,19.0,205.0,22.0,186.0,14.568332140373462,14.669367902563147,13.980514526367188,15.67022705078125,17.98287200927734,18.221961975097656,14.568332140373462,13.980514526367188,1.7187359624187588,5.690754742333383,5.730221836938729,2403.774803161621,0.9803943461191583,172.031494140625,190.34474182128906,18.313247680664062,10.645287812608078,0.059706009924411774,21.011838912963867,14.107267379760742
N_6,csv_vs_pred,True,,165.0,22.0,186.0,0.0,255.0,22.0,186.0,30.271805410674123,31.95370513731498,29.38341522216797,35.06029510498047,47.873558044433594,52.607933044433594,30.271805410674123,29.38341522216797,10.230203770245762,11.82492398854458,12.481916069263663,4994.8478927612305,-0.11387099846617765,172.031494140625,314.65472412109375,142.62322998046875,82.90530212775612,0.16760267317295074,83.14765167236328,31.666030883789062
N_6,target_vs_pred,True,,187.0,19.0,205.0,0.0,255.0,19.0,205.0,16.889625794109815,19.79949520314422,16.23566436767578,24.97626495361328,34.91303634643555,37.32154846191406,16.889625794109815,16.23566436767578,10.33249973792748,6.597510075824147,7.734177813728212,3158.360023498535,0.2912293790757047,190.34474182128906,314.65472412109375,124.30998229980469,65.30780997879421,0.1556621640920639,62.45404815673828,17.812435150146484
N_60,csv_vs_target,True,,139.0,10.0,153.0,15.0,223.0,15.0,153.0,42.54676703583422,43.27734428692732,43.073974609375,50.28708267211914,52.34444351196289,52.438804626464844,42.54676703583422,43.073974609375,7.918405352575152,16.61983087337274,16.905212612080984,5914.000617980957,0.8113666731899384,152.64613342285156,216.58462524414062,63.93849182128906,41.8867418278992,0.04204864054918289,84.84884643554688,42.942161560058594
N_60,csv_vs_pred,True,,144.0,10.0,153.0,0.0,255.0,10.0,153.0,44.64163319269816,45.317008134601586,47.12376403808594,51.59868240356445,53.21585311889648,57.568504333496094,44.64163319269816,47.12376403808594,7.7946014753889985,17.438137965897717,17.701956302578743,6428.395179748535,0.24971967249468813,152.64613342285156,291.0611572265625,138.41502380371094,90.67705856080472,0.10158978402614594,114.44493865966797,48.32366180419922
N_60,target_vs_pred,True,,209.0,15.0,223.0,0.0,255.0,15.0,223.0,10.719493190637616,12.625762112016849,9.880416870117188,14.369293212890625,24.779251098632812,25.229248046875,5.7712175652170865,7.1920166015625,11.229555499848155,4.1873020275928186,4.931938325006581,2240.3740768432617,0.1754621758713222,216.58462524414062,291.0611572265625,74.47653198242188,34.38680464738946,0.09671977907419205,32.24274826049805,10.617777824401855
N_61,csv_vs_target,True,,136.0,10.0,158.0,23.0,186.0,23.0,158.0,61.93980999553905,61.99048066177619,62.893898010253906,63.76332664489746,64.9022159576416,65.21647644042969,61.93980999553905,62.893898010253906,2.5059190718314,24.195238279507443,24.215031508506325,8423.81415939331,0.9939481943720592,170.4954833984375,184.49429321289062,13.998809814453125,8.210663141684345,0.0681169331073761,59.49860382080078,53.7713508605957
N_61,csv_vs_pred,True,,149.0,10.0,158.0,0.0,255.0,10.0,158.0,33.25826419599904,40.62466027435081,38.304420471191406,53.72377014160156,64.4328369140625,65.22309875488281,32.52414357742207,38.304420471191406,24.342208341924362,12.991509451562125,15.869007919668285,4955.481365203857,0.017225886374479995,170.4954833984375,290.0492858886719,119.55380249023438,70.12138978710206,0.1076272651553154,130.49806213378906,41.08527374267578
N_61,target_vs_pred,True,,164.0,23.0,186.0,0.0,255.0,23.0,186.0,25.368096933132264,32.104178305227634,17.96619415283203,45.59478187561035,58.06213455200195,59.38446044921875,-18.818869660540326,-13.412818908691406,26.010159733331964,9.909412864504791,12.540694650479544,4160.367897033691,0.27783954994583737,184.49429321289062,290.0492858886719,105.55499267578125,57.21314780628933,0.07079187035560608,81.794189453125,28.17929458618164
N_62,csv_vs_target,True,,139.0,6.0,148.0,10.0,232.0,10.0,148.0,43.76511125084308,43.80403868885457,44.634063720703125,44.9666862487793,45.92625274658203,46.510101318359375,43.76511125084308,44.634063720703125,1.8463051362102578,17.095746582360576,17.110952612833817,6083.3504638671875,0.9208611908808688,146.55943298339844,229.78964233398438,83.23020935058594,56.789390932165325,0.05878525227308273,109.6343765258789,48.12461471557617
N_62,csv_vs_pred,True,,143.0,6.0,148.0,0.0,255.0,6.0,148.0,46.15956329132293,46.40063360168132,46.33766174316406,49.9932861328125,52.086543273925784,56.404449462890625,46.15956329132293,46.33766174316406,4.723718386168844,18.03107941067302,18.125247500656766,6600.81755065918,0.20917019148089522,146.55943298339844,291.12255859375,144.56312561035156,98.63788543509389,0.11178060621023178,112.2461166381836,48.70508575439453
N_62,target_vs_pred,True,,223.0,10.0,232.0,0.0,255.0,10.0,232.0,12.421027692444122,19.088530474446564,6.1520538330078125,20.636688232421875,43.424062347412104,45.256996154785156,-8.95486819690653,-0.22747802734375,16.857708362939107,4.851963942360985,7.456457216580689,2769.889175415039,-0.7527669342139361,229.78964233398438,291.12255859375,61.332916259765625,26.690896784613603,0.08508820831775665,52.58204650878906,12.914578437805176
N_63,csv_vs_target,True,,158.0,11.0,173.0,16.0,215.0,16.0,173.0,26.22585929194583,26.369162905489194,27.06546401977539,28.716630935668945,29.963142776489256,30.07611083984375,26.22585929194583,27.06546401977539,2.745370054343471,10.24447628591634,10.300454259956716,4143.685768127441,-0.12888928150953272,183.27914428710938,205.83108520507812,22.55194091796875,12.304695662159109,0.07434048503637314,65.77645874023438,28.134418487548828
N_63,csv_vs_pred,True,,163.0,11.0,173.0,0.0,255.0,11.0,173.0,38.62475885496549,38.952574095958184,37.674400329589844,40.48378372192383,50.62147521972656,53.646453857421875,38.62475885496549,37.674400329589844,5.0429190055837125,15.087796427720896,15.215849256233666,6295.835693359375,0.058022657994773595,183.27914428710938,317.9405517578125,134.66140747070312,73.4733938152869,0.19796912372112274,88.95115661621094,39.18979263305664
N_63,target_vs_pred,True,,200.0,16.0,215.0,0.0,255.0,16.0,215.0,10.615517387390137,11.940019885119716,10.29836654663086,12.967216491699219,22.404246139526364,24.6978759765625,8.599738121032715,10.098945617675781,8.283029585043804,4.146686479449272,4.664070267624889,2123.1034774780273,-0.1387256259991779,205.83108520507812,317.9405517578125,112.10946655273438,54.46673248386576,0.1664929986000061,43.13714599609375,11.001203536987305
N_64,csv_vs_target,True,,192.0,14.0,209.0,18.0,231.0,18.0,209.0,10.049177726109823,10.485521377843547,9.822509765625,10.556169509887695,16.351649475097652,17.468589782714844,10.049177726109823,9.822509765625,2.993356910605922,3.9254600492616496,4.095906788220136,1929.442123413086,0.9439059292838684,203.6170654296875,216.01031494140625,12.39324951171875,6.086547551874869,0.04597244784235954,22.219402313232422,9.832441329956055
N_64,csv_vs_pred,True,,196.0,14.0,209.0,0.0,255.0,14.0,209.0,23.84353427497708,26.23522943378147,27.981792449951172,31.459625244140625,37.0516414642334,38.14550018310547,23.2956769515057,27.981792449951172,12.066428585718299,9.313880576162923,10.248136497570886,4673.332717895508,-0.27808751493411327,203.6170654296875,300.4510803222656,96.83401489257812,47.55692489894021,0.1039578765630722,47.97002029418945,22.517601013183594
N_64,target_vs_pred,True,,214.0,18.0,231.0,0.0,255.0,18.0,231.0,15.297577973838164,16.59754955542624,16.594623565673828,19.8515625,23.728358459472656,24.64569854736328,12.495864582953052,16.594623565673828,10.923919606502482,5.975616396030533,6.483417795088375,3273.681686401367,-0.4568454816499294,216.01031494140625,300.4510803222656,84.44076538085938,39.091080164322335,0.10859490185976028,29.250362396240234,14.841651916503906
N_65,csv_vs_target,True,,160.0,11.0,177.0,18.0,202.0,18.0,177.0,20.838095664978027,21.129601822033415,22.076187133789062,24.162841796875,24.841508483886717,25.315643310546875,20.838095664978027,22.076187133789062,3.4976909833348313,8.139881119132042,8.253750711731803,3334.0953063964844,0.7007575286190415,172.73947143554688,187.1497344970703,14.410263061523438,8.342194717242737,0.05393426492810249,35.97447204589844,20.87466812133789
N_65,csv_vs_pred,True,,167.0,11.0,177.0,0.0,255.0,11.0,177.0,35.22128432953429,35.46828877935151,34.378517150878906,36.41828918457031,44.04993209838867,45.632484436035156,35.22128432953429,34.378517150878906,4.1785929585895865,13.758314191224333,13.854800304434184,5881.954483032227,0.5885191689777344,172.73947143554688,279.1792907714844,106.4398193359375,61.61870153081417,0.0927828699350357,83.34942626953125,36.562828063964844
N_65,target_vs_pred,True,,185.0,18.0,202.0,0.0,255.0,18.0,202.0,12.794345628893053,14.09167050881977,10.975677490234375,17.55213165283203,23.74612579345703,24.757240295410156,12.794345628893053,10.975677490234375,5.905920559706677,4.997791261286348,5.504558792507722,2366.953941345215,0.2667373201211653,187.1497344970703,279.1792907714844,92.02955627441406,49.174291653049224,0.07520974427461624,53.11615753173828,14.274953842163086
N_66,csv_vs_target,True,,128.0,2.0,143.0,16.0,221.0,16.0,143.0,50.0615628361702,50.142959444541596,50.0744743347168,51.1671257019043,55.54083518981933,55.679298400878906,50.0615628361702,50.0744743347168,2.8559251140613453,19.555297982878983,19.58709353302406,6407.880043029785,0.855552436199722,143.24331665039062,208.03713989257812,64.7938232421875,45.23340058915584,0.033302098512649536,103.8956527709961,54.17308807373047
N_66,csv_vs_pred,True,,142.0,2.0,143.0,0.0,255.0,2.0,143.0,33.318727144053284,34.30729554663207,35.744407653808594,39.55673408508301,42.2951114654541,42.53656005859375,33.318727144053284,35.744407653808594,8.176365281962848,13.015127790645813,13.401287322903151,4731.259254455566,-0.29084494833513547,143.24331665039062,290.02044677734375,146.77713012695312,102.46700058959166,0.12235114723443985,116.68305969238281,38.11534118652344
N_66,target_vs_pred,True,,206.0,16.0,221.0,0.0,255.0,16.0,221.0,24.305522029839672,27.126415583429885,22.482101440429688,35.05257987976074,43.67448425292969,44.97496032714844,-24.305522029839672,-22.482101440429688,12.045082866544595,9.494344542906122,10.596256087277299,5006.937538146973,-0.5156157501015108,208.03713989257812,290.02044677734375,81.98330688476562,39.40801480118293,0.09576575458049774,49.44975662231445,23.48947525024414
N_67,csv_vs_target,True,,160.0,11.0,176.0,17.0,233.0,17.0,176.0,41.77717933654785,42.0653220815943,40.579193115234375,46.06455612182617,49.45884437561035,51.75237274169922,41.77717933654785,40.579193115234375,4.9151407416455815,16.319210678339005,16.431766438122775,6684.348693847656,0.8983489900260929,174.31924438476562,220.71023559570312,46.3909912109375,26.612661942177684,0.07653026282787323,64.60041809082031,41.698211669921875
N_67,csv_vs_pred,True,,166.0,11.0,176.0,0.0,255.0,11.0,176.0,25.217455576701337,26.35853236184032,22.45819854736328,31.41354751586914,41.44182205200195,44.011863708496094,25.217455576701337,22.45819854736328,7.6715163108265765,9.85056858464896,10.296301703843875,4186.097625732422,0.5174967842001513,174.31924438476562,301.440673828125,127.12142944335938,72.92449544783393,0.14214830100536346,89.96720886230469,27.57723617553711
N_67,target_vs_pred,True,,217.0,17.0,233.0,0.0,255.0,17.0,233.0,13.645299111643146,15.520689429119118,14.426422119140625,17.599456787109375,27.424098205566402,29.62938690185547,-12.99728288079187,-14.426422119140625,8.483067727646912,5.330194965485604,6.062769308249655,2961.0299072265625,0.6551412421522803,220.71023559570312,301.440673828125,80.73043823242188,36.577568779658264,0.10472573339939117,33.7314338684082,13.01873779296875
N_68,csv_vs_target,True,,138.0,6.0,154.0,17.0,236.0,17.0,154.0,52.86317709217901,53.354389687959234,53.17013168334961,59.65750694274902,62.77321701049805,65.16484832763672,52.86317709217901,53.17013168334961,7.2232545777877295,20.649678551632427,20.841558471859077,7295.118438720703,0.018480639316526278,164.04043579101562,226.48974609375,62.449310302734375,38.0694613482292,0.06294827163219452,89.4310073852539,54.39350128173828
N_68,csv_vs_pred,True,,149.0,6.0,154.0,0.0,255.0,6.0,154.0,42.277259621844195,42.743855796101094,40.96392822265625,44.91511535644531,51.2385040283203,68.56935119628906,42.277259621844195,40.96392822265625,6.298454348891262,16.51455453978289,16.69681867035199,6299.311683654785,-0.2264894199658509,164.04043579101562,285.4775390625,121.43710327148438,74.02876167604799,0.10283567756414413,108.64089965820312,49.191593170166016
N_68,target_vs_pred,True,,220.0,17.0,236.0,0.0,255.0,17.0,236.0,11.984695053100586,12.610463078399839,13.396591186523438,14.375648498535156,17.944215011596675,19.086196899414062,-1.1641835646195846,-7.701393127441406,12.556610039320134,4.681521505117416,4.925962139999937,2636.632911682129,-0.04828706834910256,226.48974609375,285.4775390625,58.98779296875,26.044354759322736,0.08293889462947845,19.487428665161133,11.325003623962402
N_69,csv_vs_target,True,,163.0,18.0,204.0,42.0,230.0,42.0,204.0,13.366524444767302,14.223305197431548,13.954071044921875,15.872989654541016,21.273998260498047,25.48663330078125,13.366524444767302,13.954071044921875,4.861937371739939,5.221298611237227,5.5559785927466985,2178.7434844970703,0.8445086116950383,204.3732147216797,198.94033813476562,-5.4328765869140625,-2.658311459281419,0.10749954730272293,32.36862564086914,13.746902465820312
N_69,csv_vs_pred,True,,187.0,18.0,204.0,0.0,255.0,18.0,204.0,16.74142370376995,18.34832375363913,15.906257629394531,23.200401306152344,29.959762573242177,32.93035888671875,16.74142370376995,15.906257629394531,7.509042345013619,6.539618634285136,7.167313966265285,3130.6462326049805,0.5989123141439138,204.3732147216797,291.4761962890625,87.10298156738281,42.61956816686559,0.1602121889591217,53.24973678588867,17.4147891998291
N_69,target_vs_pred,True,,189.0,42.0,230.0,0.0,255.0,42.0,230.0,5.252191573854477,5.9349270561141925,5.6704559326171875,7.6481475830078125,9.57154846191406,10.120925903320312,1.7982409845584284,2.7565689086914062,5.655942761631398,2.051637333536905,2.3183308812946066,992.6642074584961,0.7651968740636755,198.94033813476562,291.4761962890625,92.53585815429688,46.514376630324236,0.1173829659819603,43.759727478027344,6.887975692749023
N_7,csv_vs_target,True,,196.0,3.0,208.0,13.0,223.0,13.0,208.0,9.03246408579301,9.301553942452387,9.37240982055664,10.415504455566406,11.638792037963867,11.937751770019531,9.03246408579301,9.37240982055664,2.2211479651772446,3.528306283512894,3.6334195087704635,1770.3629608154297,0.9795295711538169,218.12603759765625,213.71823120117188,-4.407806396484375,-2.0207612281541123,0.0626559928059578,18.69417381286621,8.989410400390625
N_7,csv_vs_pred,True,,206.0,3.0,208.0,0.0,255.0,3.0,208.0,28.349239608616504,30.238067269043896,27.742046356201172,37.96523094177246,43.59881782531738,47.045318603515625,28.349239608616504,27.742046356201172,10.519568706960987,11.073921722115822,11.811745026970272,5839.943359375,0.2910590694353082,218.12603759765625,293.95245361328125,75.826416015625,34.76266146273382,0.13143311440944672,47.49350357055664,26.393543243408203
N_7,target_vs_pred,True,,211.0,13.0,223.0,0.0,255.0,13.0,223.0,18.038215962631444,20.05506691239796,15.988075256347656,22.383358001708984,33.624263763427734,36.484405517578125,16.774874140301023,15.988075256347656,10.991328693011578,7.0461781104029075,7.834010512655453,3806.0635681152344,0.17778315659763771,213.71823120117188,293.95245361328125,80.23422241210938,37.5420580440941,0.11085064709186554,40.42921447753906,17.26957893371582
N_70,csv_vs_target,True,,157.0,2.0,179.0,23.0,211.0,23.0,179.0,19.828027032742835,20.440187870233583,20.75927734375,24.603363037109375,26.155470275878905,26.788246154785156,19.828027032742835,20.75927734375,4.964939492004251,7.74532305966517,7.984448386809993,3113.000244140625,0.6907789210884536,187.33377075195312,197.29434204101562,9.9605712890625,5.317018521833683,0.08801344782114029,32.2374267578125,19.368236541748047
N_70,csv_vs_pred,True,,178.0,2.0,179.0,0.0,255.0,2.0,179.0,37.94896650850103,40.20939955333522,31.902217864990234,55.463260650634766,60.32061424255371,62.09312438964844,37.94896650850103,31.902217864990234,13.291792707397358,14.823815042383215,15.706796700521569,6754.916038513184,-0.8276838330337266,187.33377075195312,302.6439514160156,115.3101806640625,61.55333349403845,0.1394684612751007,85.91329956054688,38.75599670410156
N_70,target_vs_pred,True,,189.0,23.0,211.0,0.0,255.0,23.0,211.0,22.47334773956783,26.137806176792967,13.168739318847656,36.30570983886719,43.91807250976562,44.21985626220703,22.47334773956783,13.168739318847656,13.346668240128624,8.778651460768684,10.210080537809754,4247.46272277832,-0.031929755039294266,197.29434204101562,302.6439514160156,105.349609375,53.3971771718416,0.13486206531524658,62.20346450805664,22.589588165283203
N_71,csv_vs_target,True,,113.0,8.0,132.0,20.0,185.0,20.0,132.0,39.788574657608976,40.05951082028091,41.600181579589844,43.976112365722656,45.10316848754883,45.34884262084961,39.788574657608976,41.600181579589844,4.651207786809826,15.542411975628506,15.648246414172231,4496.108936309814,0.5348981521614221,129.787353515625,166.78121948242188,36.993865966796875,28.503444258529292,0.0627240389585495,74.09404754638672,41.996826171875
N_71,csv_vs_pred,True,,125.0,8.0,132.0,0.0,255.0,8.0,132.0,59.607357025146484,60.32579784487543,58.45846176147461,68.64462280273438,70.70738372802734,71.33773040771484,59.607357025146484,58.45846176147461,9.282503654591142,23.284123837947845,23.564764783154466,7450.919628143311,-0.5679280060115627,129.787353515625,281.0926208496094,151.30526733398438,116.5793609499179,0.1104489266872406,137.5389404296875,64.80732727050781
N_71,target_vs_pred,True,,166.0,20.0,185.0,0.0,255.0,20.0,185.0,16.162698079304523,17.99733258515823,17.542827606201172,23.830202102661133,26.56095314025879,27.534629821777344,15.905309332422464,17.542827606201172,8.421705006752084,6.313553937228329,7.030208041077433,2683.007881164551,-0.07607095274582888,166.78121948242188,281.0926208496094,114.3114013671875,68.5397323002435,0.08797995746135712,70.67833709716797,18.936603546142578
N_8,csv_vs_target,True,,130.0,20.0,152.0,23.0,177.0,23.0,152.0,19.492281458928034,19.555317713808765,19.255680084228516,19.674846649169922,20.974306488037108,29.658233642578125,19.492281458928034,19.255680084228516,1.5688895480349287,7.614172444893763,7.638795981956549,2533.9965896606445,0.8161743237964207,138.00167846679688,156.1377716064453,18.136093139648438,13.14193663426911,0.03941578418016434,42.245445251464844,20.362934112548828
N_8,csv_vs_pred,True,,133.0,20.0,152.0,0.0,255.0,20.0,152.0,37.011098072941145,37.454825777746585,36.07386779785156,39.868431091308594,48.432586669921875,49.33876037597656,37.011098072941145,36.07386779785156,5.748268737322796,14.457460184742635,14.63079131943226,4922.476043701172,0.28609033671843365,138.00167846679688,292.5644226074219,154.562744140625,112.00062625804412,0.1020013764500618,105.4281005859375,41.56871032714844
N_8,target_vs_pred,True,,155.0,23.0,177.0,0.0,255.0,23.0,177.0,15.564781385852445,16.95960193280161,14.845901489257812,19.15473175048828,27.66601409912109,28.421279907226562,15.4404542492282,14.845901489257812,7.015730204089875,6.0799927288486115,6.624844505000629,2412.541114807129,0.08151877798177438,156.1377716064453,292.5644226074219,136.42665100097656,87.37581533833504,0.07680347561836243,79.39215850830078,18.9024658203125
N_9,csv_vs_target,True,,106.0,8.0,120.0,15.0,197.0,15.0,120.0,48.17278167436708,48.564171563406724,49.91263961791992,52.57116508483887,55.670108795166016,55.78924560546875,48.17278167436708,49.91263961791992,6.153199606202122,18.81749284154964,18.970379516955752,5106.31485748291,-0.2662490965184737,116.04885864257812,188.74221801757812,72.693359375,62.640305315389725,0.03784384950995445,100.93824768066406,51.11835479736328
N_9,csv_vs_pred,True,,113.0,8.0,120.0,0.0,255.0,8.0,120.0,44.29789511081392,44.764493606695,45.905059814453125,49.58885955810547,52.8874267578125,53.03855895996094,44.29789511081392,45.905059814453125,6.446423552262598,17.303865277661686,17.486130315115233,5005.662147521973,-0.0676968049193932,116.04885864257812,317.20562744140625,201.15676879882812,173.33799843826318,0.08115721493959427,141.27410888671875,50.144874572753906
N_9,target_vs_pred,True,,183.0,15.0,197.0,0.0,255.0,15.0,197.0,11.647527183991313,17.321825158169183,5.9889984130859375,14.101959228515625,40.359439849853516,43.045318603515625,-11.647527183991313,-5.9889984130859375,12.821105151599303,4.5498153062466065,6.766337952409837,2131.49747467041,-0.35291012241885783,188.74221801757812,317.20562744140625,128.46340942382812,68.06289062739405,0.16094747185707092,62.62934875488281,13.345016479492188
S_100,csv_vs_target,True,,186.0,27.0,239.0,54.0,241.0,54.0,239.0,16.036713507867628,19.94523342621522,13.9708251953125,19.773202896118164,39.90116310119629,40.514488220214844,9.65785672587733,8.947196960449219,17.451021170368197,6.264341214010792,7.79110680711532,2982.828712463379,0.8605925664244246,277.85650634765625,210.19528198242188,-67.66122436523438,-24.35113910132484,0.09806753695011139,40.144622802734375,13.490456581115723
S_100,csv_vs_pred,True,,213.0,27.0,239.0,0.0,255.0,27.0,239.0,27.390334474089,30.988832945579787,31.964019775390625,39.71227264404297,46.17346801757812,47.68080139160156,-8.26041075657231,-6.4892730712890625,29.867597517405976,10.699349403941016,12.105012869367105,5834.141242980957,-0.004401821579521736,277.85650634765625,292.17431640625,14.31781005859375,5.152951156797422,0.12162709981203079,53.42086410522461,24.242637634277344
S_100,target_vs_pred,True,,188.0,54.0,241.0,0.0,255.0,54.0,241.0,20.687720116148604,28.379088033566898,10.885444641113281,43.995004653930664,49.41002655029297,49.91331481933594,-18.811825853713014,-10.885444641113281,21.248243354840287,8.081140670370548,11.08558126311207,3889.2913818359375,-0.03847107918480184,210.19528198242188,292.17431640625,81.97903442382812,39.00136751251329,0.11260238289833069,66.87936401367188,21.388280868530273
S_101,csv_vs_target,True,,202.0,7.0,255.0,7.0,208.0,7.0,208.0,113.86353094270913,132.49672390267833,132.54515838623047,174.71032333374023,192.0292802810669,193.04093170166016,-109.53300782005385,-132.54515838623047,74.5513383034442,44.477941774495754,51.75653277448372,23000.433250427246,-0.7198646936824162,409.5728454589844,262.1668701171875,-147.40597534179688,-35.990172925895166,0.06658529490232468,143.2382354736328,78.53237915039062
S_101,csv_vs_pred,True,,249.0,7.0,255.0,0.0,255.0,7.0,255.0,78.78424047753514,96.89390598527767,98.5770263671875,131.4398193359375,140.64464721679687,141.58531951904297,-71.38202823501035,-98.5770263671875,65.52125656716309,30.77509393653716,37.84918202549909,19617.27587890625,-0.638415085950419,409.5728454589844,285.62353515625,-123.94931030273438,-30.263068383062677,0.18288183212280273,133.29592895507812,65.99478912353516
S_101,target_vs_pred,True,,202.0,7.0,208.0,0.0,255.0,7.0,208.0,20.81305943857325,28.482115287926128,15.341922760009766,41.66165351867676,52.121685600280756,55.330596923828125,20.185123783527036,15.341922760009766,20.094568149587253,8.130101343192676,11.125826284346143,4204.238006591797,0.8956287027399211,262.1668701171875,285.62353515625,23.4566650390625,8.947227019067187,0.11798105388879776,52.2181510925293,17.51228141784668
S_102,csv_vs_target,True,,183.0,8.0,255.0,2.0,190.0,8.0,190.0,112.65624199538935,113.69123818064428,111.10711669921875,127.96930313110352,135.75289459228514,136.4140625,-112.65624199538935,-111.10711669921875,15.305841320367199,44.00634452944897,44.41063991431417,20616.09228515625,,247.0,237.1914825439453,-9.808517456054688,-3.971059698646794,0.04152848199009895,143.16738891601562,108.02465057373047
S_102,csv_vs_pred,True,,248.0,8.0,255.0,0.0,255.0,8.0,255.0,129.498150579391,129.67577453137997,128.58761978149414,134.58278274536133,140.47168769836426,145.05376434326172,-129.498150579391,-128.58761978149414,6.784946339557244,50.58521507007461,50.6545994263203,32115.541343688965,,247.0,332.5678405761719,85.56784057617188,34.64285043429457,0.18599507212638855,146.15658569335938,126.03575897216797
S_102,target_vs_pred,True,,189.0,2.0,190.0,0.0,255.0,2.0,190.0,20.614309078801877,24.372028453132238,19.4141845703125,26.853500366210938,48.828985595703124,58.670623779296875,-18.405666129298943,-19.4141845703125,15.975832537212732,8.052464483906983,9.52032361450478,3896.1044158935547,0.1945879681998393,237.1914825439453,332.5678405761719,95.37635803222656,40.21070107799287,0.16934797167778015,66.43257141113281,19.209657669067383
S_103,csv_vs_target,True,,169.0,31.0,255.0,19.0,199.0,31.0,199.0,136.65975207266723,137.9380098244177,135.03911590576172,154.0479736328125,162.9474319458008,163.46880340576172,-136.65975207266723,-135.03911590576172,18.735173278042506,53.38271565338564,53.88203508766316,23095.49810028076,,264.73663330078125,214.72251892089844,-50.01411437988281,-18.89202629587343,0.03214938938617706,163.46881103515625,119.98176574707031
S_103,csv_vs_pred,True,,225.0,31.0,255.0,0.0,255.0,31.0,255.0,122.15082265218099,123.05212465947712,128.13890075683594,131.18003845214844,134.18338470458986,135.46389770507812,-122.15082265218099,-128.13890075683594,14.866132940577494,47.7151650985082,48.06723619510825,27483.935096740723,0.1696210826084031,264.73663330078125,305.9877624511719,41.251129150390625,15.581949741713624,0.17700248956680298,136.07028198242188,114.86479187011719
S_103,target_vs_pred,True,,181.0,19.0,199.0,0.0,255.0,19.0,199.0,15.493556660183227,18.830167107284304,14.677337646484375,26.83350372314453,29.67212677001953,30.295631408691406,8.720202282647401,7.219032287597656,16.68931590682982,6.052170570384073,7.355534026282931,2804.333755493164,0.4213833804605051,214.72251892089844,305.9877624511719,91.26524353027344,42.50380630065365,0.12550438940525055,62.349464416503906,16.665124893188477
S_104,csv_vs_target,True,,141.0,66.0,255.0,42.0,206.0,66.0,206.0,116.1329085437964,116.27515423207737,113.50848388671875,121.04241943359375,127.36752319335938,127.87409973144531,-116.1329085437964,-113.50848388671875,5.749699544463276,45.36441739992047,45.41998212190522,16374.740104675293,,189.0,166.86907958984375,-22.13092041015625,-11.709481697875821,0.013754364103078842,131.21356201171875,116.56939697265625
S_104,csv_vs_pred,True,,190.0,66.0,255.0,0.0,255.0,66.0,255.0,132.74843460886103,132.89648665616392,131.88492965698242,136.06327438354492,145.46166343688964,148.634521484375,-132.74843460886103,-131.88492965698242,6.27130564148377,51.85485726908634,51.912690100064026,25222.202575683594,,189.0,297.4606018066406,108.46060180664062,57.38656179941903,0.11188656836748123,151.69924926757812,131.26986694335938
S_104,target_vs_pred,True,,165.0,42.0,206.0,0.0,255.0,42.0,206.0,13.592032738887902,16.543532957869065,13.872962951660156,19.09654998779297,33.16296691894528,36.96527099609375,-12.727873137502959,-13.872962951660156,10.568336109517453,5.3093877886280865,6.462317561667604,2242.685401916504,-0.3846156860870759,166.86907958984375,297.4606018066406,130.59152221679688,78.25986847291219,0.1066555455327034,52.003379821777344,15.602288246154785
S_105,csv_vs_target,True,,148.0,33.0,255.0,11.0,180.0,33.0,180.0,109.32179801528518,111.5423562701402,104.16883087158203,124.25727844238281,152.22493515014648,153.92537689208984,-109.32179801528518,-104.16883087158203,22.145918833953935,42.703827349720775,43.57123291802352,16179.626106262207,,222.0,209.54296875,-12.45703125,-5.611275337585077,0.0257986169308424,167.08538818359375,110.91470336914062
S_105,csv_vs_pred,True,,223.0,33.0,255.0,0.0,255.0,33.0,255.0,125.49791751741829,125.66130508125627,124.17449951171875,133.0723419189453,136.01894912719726,137.8761444091797,-125.49791751741829,-124.17449951171875,6.405957657980691,49.022624030241516,49.08644729736573,27986.035606384277,,222.0,285.7701416015625,63.7701416015625,28.725289008418905,0.10286904126405716,137.8761444091797,122.45675659179688
S_105,target_vs_pred,True,,170.0,11.0,180.0,0.0,255.0,11.0,180.0,20.23556639727424,23.287066218419287,21.112464904785156,30.172035217285156,35.91722946166992,37.502471923828125,-15.909861441219554,-20.054664611816406,17.004815846760586,7.90451812393525,9.096510241570034,3440.046287536621,0.7578852705055815,209.54296875,285.7701416015625,76.2271728515625,36.377824225096894,0.08537454903125763,80.54752349853516,22.621685028076172
S_106,csv_vs_target,True,,127.0,44.0,255.0,20.0,170.0,44.0,170.0,135.14315351351038,137.24303566673169,138.9038314819336,157.95510482788086,167.99037399291993,168.5096893310547,-135.14315351351038,-138.9038314819336,23.91608031102821,52.790294341214995,53.610560807317064,17163.18049621582,,257.38751220703125,196.51528930664062,-60.872222900390625,-23.650029628889946,0.048725832253694534,168.5096893310547,121.2989501953125
S_106,csv_vs_pred,True,,212.0,44.0,255.0,0.0,255.0,44.0,255.0,119.63520312759111,120.88865119402095,125.34619903564453,129.9328727722168,141.02472686767578,142.61471557617188,-119.63520312759111,-125.34619903564453,17.363299229399793,46.732501221715275,47.22212937266443,25362.663063049316,-0.2373699770912543,257.38751220703125,305.08404541015625,47.696533203125,18.53102071358726,0.14843066036701202,133.17437744140625,111.79119873046875
S_106,target_vs_pred,True,,151.0,20.0,170.0,0.0,255.0,20.0,170.0,18.61174587224493,21.679967531919097,18.66705322265625,28.481117248535156,36.031211853027344,37.48554229736328,8.571799575098304,9.176528930664062,19.91344380636887,7.270213231345676,8.468737317155897,2810.3736267089844,0.48550082161947544,196.51528930664062,305.08404541015625,108.56875610351562,55.24697670143174,0.10514651238918304,86.79329681396484,21.331207275390625
S_108,csv_vs_target,True,,129.0,67.0,255.0,36.0,195.0,67.0,195.0,124.99507543282915,135.7284623724488,136.6859130859375,172.44052124023438,185.1038604736328,185.44109344482422,-124.99507543282915,-136.6859130859375,52.900346081387795,48.82620134094889,53.01893061423782,16124.364730834961,-0.20251386192879653,335.59326171875,239.96783447265625,-95.62542724609375,-28.49444197821377,0.07123815268278122,111.92694091796875,68.75716400146484
S_108,csv_vs_pred,True,,189.0,67.0,255.0,0.0,255.0,67.0,255.0,72.69797035499856,88.8954445675763,64.31900024414062,127.86767578125,133.62984313964844,137.47218322753906,-61.006992642841645,-64.31900024414062,64.65714897475218,28.397644669921313,34.724783034209494,13739.916397094727,-0.6198323991518718,335.59326171875,286.6707763671875,-48.9224853515625,-14.577910503788685,0.18569225072860718,155.12728881835938,67.94667053222656
S_108,target_vs_pred,True,,160.0,36.0,195.0,0.0,255.0,36.0,195.0,34.00110120773316,37.75562755302808,38.13050079345703,47.26498603820801,56.40603713989257,58.38482666015625,13.275090503692628,22.655765533447266,35.34486361611462,13.281680159270765,14.748292012901592,5440.176193237305,0.7039038196127969,239.96783447265625,286.6707763671875,46.70294189453125,19.462167500580883,0.07926050573587418,78.51432037353516,31.49449920654297
S_109,csv_vs_target,True,,164.0,22.0,255.0,17.0,185.0,22.0,185.0,78.52738440909037,87.34692705922477,78.49056243896484,113.69634056091309,133.21817436218262,133.86310577392578,-65.08992497513934,-78.49056243896484,58.24763800722108,30.674759534800927,34.11989338250967,12878.49104309082,-0.9655349587399481,354.9028015136719,228.53529357910156,-126.36750793457031,-35.60623004159116,0.12310262769460678,102.27238464355469,57.03527069091797
S_109,csv_vs_pred,True,,234.0,22.0,255.0,0.0,255.0,22.0,255.0,63.855335333408455,73.37588385309114,68.77720260620117,97.59907341003418,115.6444808959961,129.45640563964844,-63.855335333408455,-68.77720260620117,36.14576711982024,24.94349036461268,28.662454630113725,14942.148468017578,-0.6487146375703825,354.9028015136719,301.6416015625,-53.261199951171875,-15.007263882536405,0.21331451833248138,129.45640563964844,51.78919219970703
S_109,target_vs_pred,True,,169.0,17.0,185.0,0.0,255.0,17.0,185.0,19.8640827427249,25.46573245674754,14.793655395507812,25.493743896484375,59.60560913085937,64.16665649414062,1.3818474041639701,9.299049377441406,25.42821321505407,7.759407321376914,9.947551740917007,3357.029983520508,0.6982888211707795,228.53529357910156,301.6416015625,73.10630798339844,31.989066911844702,0.1222078874707222,98.44886779785156,23.960304260253906
S_110,csv_vs_target,True,,213.0,6.0,255.0,26.0,238.0,26.0,238.0,102.63844718395823,103.90813252302351,103.42691040039062,109.8310546875,134.5524703979492,136.0,-102.63844718395823,-103.42691040039062,16.194108931584704,40.093143431233685,40.58911426680606,21861.989250183105,-0.17020499936521039,259.97576904296875,232.4039764404297,-27.571792602539062,-10.605524008247649,0.027778957039117813,125.7203598022461,98.65553283691406
S_110,csv_vs_pred,True,,250.0,6.0,255.0,0.0,255.0,6.0,255.0,123.40471688842773,123.60820413446201,122.54620361328125,128.79348182678223,134.71612167358398,135.20841217041016,-123.40471688842773,-122.54620361328125,7.089709375836906,48.20496753454208,48.28445474002422,30851.179222106934,-0.1729580474397124,259.97576904296875,282.0439453125,22.06817626953125,8.488551202260304,0.09212109446525574,134.53167724609375,118.93293762207031
S_110,target_vs_pred,True,,213.0,26.0,238.0,0.0,255.0,26.0,238.0,23.03223476499459,24.92393787377612,24.052032470703125,30.379837036132812,37.07254333496093,37.93858337402344,-21.04314365297416,-24.052032470703125,13.356226425759074,8.996966705076012,9.735913231943796,4905.866004943848,0.5797269915562329,232.4039764404297,282.0439453125,49.63996887207031,21.359345752269522,0.08024663478136063,37.197322845458984,21.139659881591797
S_111,csv_vs_target,True,,118.0,56.0,255.0,29.0,173.0,56.0,173.0,109.29166354163219,117.48763749933897,128.80661010742188,149.1896858215332,155.47005920410157,155.70433044433594,-109.29166354163219,-128.80661010742188,43.11237926023973,42.69205607095007,45.89360839817929,12896.416297912598,-0.9396294675049089,269.80609130859375,171.1802215576172,-98.62586975097656,-36.554352523685864,0.07360067218542099,139.6173095703125,90.75196838378906
S_111,csv_vs_pred,True,,200.0,56.0,255.0,0.0,255.0,56.0,255.0,99.98804531097412,104.04688174423603,108.17181396484375,128.5137481689453,133.84489707946778,135.00091552734375,-99.98804531097412,-108.17181396484375,28.777498077310714,39.057830199599266,40.6433131813422,19997.609062194824,-0.3683453630037966,269.80609130859375,282.51287841796875,12.706787109375,4.709599789713609,0.10714313387870789,138.7559051513672,90.98521423339844
S_111,target_vs_pred,True,,145.0,29.0,173.0,0.0,255.0,29.0,173.0,11.632115962587553,14.021083290646374,13.102027893066406,16.080596923828125,25.73670501708984,26.42815399169922,4.014240764749461,2.790924072265625,13.434159732780707,4.543795297885763,5.47698566040874,1686.6568145751953,0.4620675285519011,171.1802215576172,282.51287841796875,111.33265686035156,65.03827126802409,0.08768963068723679,83.37088012695312,16.43511962890625
S_113,csv_vs_target,True,,209.0,8.0,255.0,2.0,216.0,8.0,216.0,112.18609597238057,112.32020321454148,110.76132202148438,113.62799072265625,124.37496948242188,125.22166442871094,-112.18609597238057,-110.76132202148438,5.487068491618017,43.82269373921116,43.87507938068026,23446.89405822754,,247.0,223.3685302734375,-23.6314697265625,-9.567396650042818,0.018486350774765015,130.9383544921875,112.00797271728516
S_113,csv_vs_pred,True,,248.0,8.0,255.0,0.0,255.0,8.0,255.0,129.88599466508435,130.0252949772406,127.77285766601562,134.3312931060791,140.69036140441895,143.81631469726562,-129.88599466508435,-127.77285766601562,6.017119226018045,50.73671666604858,50.79113085048461,32211.726676940918,,247.0,278.3882141113281,31.388214111328125,12.707778991926052,0.0868951827287674,143.81631469726562,128.1270294189453
S_113,target_vs_pred,True,,215.0,2.0,216.0,0.0,255.0,2.0,216.0,16.507422265341116,18.655405842221665,14.775711059570312,18.774917602539062,34.53010559082031,35.938934326171875,-16.393175524334573,-14.775711059570312,8.904378887174342,6.448211822398873,7.287267907117838,3549.09578704834,-0.09525355960235024,223.3685302734375,278.3882141113281,55.019683837890625,24.631797401395296,0.07787998765707016,39.87673568725586,15.952659606933594
S_114,csv_vs_target,True,,179.0,6.0,255.0,0.0,184.0,6.0,184.0,129.13527214860116,130.93449465247215,126.85357666015625,149.56084442138672,161.6636520385742,162.255859375,-129.13527214860116,-126.85357666015625,21.63153663069208,50.44346568304733,51.14628697362193,23115.21371459961,,277.3519592285156,228.05343627929688,-49.29852294921875,-17.774715954619694,0.032762326300144196,162.255859375,117.12520599365234
S_114,csv_vs_pred,True,,250.0,6.0,255.0,0.0,255.0,6.0,255.0,128.3082666015625,128.44819642349893,128.1966781616211,130.21670150756836,139.67917671203614,142.79612731933594,-128.3082666015625,-128.1966781616211,5.993987500163727,50.12041664123535,50.175076727929266,32077.066650390625,0.7827886381448825,277.3519592285156,279.216064453125,1.864105224609375,0.6721081869143357,0.10250264406204224,142.79612731933594,123.32804870605469
S_114,target_vs_pred,True,,185.0,0.0,184.0,0.0,255.0,0.0,184.0,17.366557023331925,20.350050074727406,14.833999633789062,27.954132080078125,34.164993286132805,36.380035400390625,-0.6801319019214527,-4.0843353271484375,20.338681339750167,6.783811337239033,7.949238310440393,3212.8130493164062,0.5080496049005008,228.05343627929688,279.216064453125,51.162628173828125,22.43449123429381,0.0897982195019722,79.27639770507812,19.994407653808594
S_115,csv_vs_target,True,,77.0,122.0,255.0,45.0,198.0,122.0,198.0,148.24900649429915,149.55733737740266,140.8436279296875,165.0661163330078,183.73609619140626,186.7376251220703,-148.24900649429915,-140.8436279296875,19.73902826563382,57.90976816183561,58.42083491304791,11415.173500061035,,149.7330322265625,195.46302795410156,45.72999572753906,30.54102027085811,0.03213050216436386,190.4080352783203,145.7431640625
S_115,csv_vs_pred,True,,134.0,122.0,255.0,0.0,255.0,122.0,255.0,126.83694873639007,127.11362715953396,127.9622573852539,132.59543418884277,138.69104499816893,140.0277328491211,-126.83694873639007,-127.9622573852539,8.38228160439439,49.545683100152374,49.65376060919296,16996.15113067627,-0.1259620249228642,149.7330322265625,284.017333984375,134.2843017578125,89.68248338526756,0.1339288204908371,174.43292236328125,126.54219055175781
S_115,target_vs_pred,True,,154.0,45.0,198.0,0.0,255.0,45.0,198.0,28.957892777083757,33.51481200981475,29.248641967773438,41.69154357910156,56.5549747467041,58.103599548339844,28.957892777083757,29.248641967773438,16.872553747555326,11.311676866048343,13.091723441333885,4459.515487670898,0.7415498727801372,195.46302795410156,284.017333984375,88.55430603027344,45.30488806636986,0.10092320293188095,57.36152648925781,25.63249969482422
S_118,csv_vs_target,True,,135.0,65.0,255.0,31.0,199.0,65.0,199.0,118.32786458333334,126.7111815393742,135.24172973632812,159.56426239013672,166.07510681152343,166.38340759277344,-118.32786458333334,-135.24172973632812,45.32372436431688,46.221822102864586,49.496555288818044,15974.26171875,-0.6289980889947353,288.11907958984375,226.50439453125,-61.61468505859375,-21.385145733551468,0.06287308782339096,149.41806030273438,85.12024688720703
S_118,csv_vs_pred,True,,191.0,65.0,255.0,0.0,255.0,65.0,255.0,97.53171723051221,105.60790362618663,121.64932250976562,133.81711196899414,138.18547821044922,138.44364166259766,-97.53171723051221,-121.64932250976562,40.504239807522964,38.09832704316884,41.253087353979154,18628.557991027832,-0.4019135421129054,288.11907958984375,287.1461181640625,-0.97296142578125,-0.33769420169346454,0.2017274796962738,142.1679229736328,90.84136962890625
S_118,target_vs_pred,True,,169.0,31.0,199.0,0.0,255.0,31.0,199.0,22.675252564560026,24.96328809293339,26.20172882080078,30.85742950439453,35.667152404785156,37.13331604003906,-2.2055557070399177,-5.539161682128906,24.865664608731723,8.85752053303126,9.751284411302105,3832.1176834106445,0.5707145139767749,226.50439453125,287.1461181640625,60.6417236328125,26.772868471551305,0.09303303807973862,63.147499084472656,22.500011444091797
S_119,csv_vs_target,True,,189.0,4.0,255.0,4.0,192.0,4.0,192.0,92.3122063288613,103.1356559872365,105.71205139160156,128.904296875,145.40301513671875,146.7967529296875,-92.3122063288613,-105.71205139160156,45.993696292158695,36.05945559721144,40.287365620014256,17447.006996154785,-0.4180802011996744,334.0941467285156,224.9674835205078,-109.12666320800781,-32.663446598308,0.09492595493793488,119.2833023071289,71.7842025756836
S_119,csv_vs_pred,True,,252.0,4.0,255.0,0.0,255.0,4.0,255.0,93.08984868488615,98.03488371963427,94.62737274169922,126.0670394897461,126.98214111328124,127.67256927490234,-93.08984868488615,-94.62737274169922,30.742779603464843,36.36322214253365,38.29487645298214,23458.64186859131,0.5044045070864726,334.0941467285156,289.4541931152344,-44.63995361328125,-13.361489283504106,0.14559021592140198,127.01300811767578,82.91743469238281
S_119,target_vs_pred,True,,189.0,4.0,192.0,0.0,255.0,4.0,192.0,17.978888294684193,21.17986987560189,16.453170776367188,24.005722045898438,42.367767333984375,46.02696990966797,-4.543746383101852,-2.5086822509765625,20.68674108586167,7.023003240111013,8.273386670156988,3398.0098876953125,-0.13690271030049478,224.9674835205078,289.4541931152344,64.48670959472656,28.66490240398743,0.11382908374071121,76.86415100097656,21.48921012878418
S_120,csv_vs_target,True,,168.0,31.0,255.0,25.0,198.0,31.0,198.0,99.1855506442842,108.75633798286135,111.32415008544922,134.29804611206055,149.3349437713623,150.1478042602539,-99.1855506442842,-111.32415008544922,44.61129447609095,38.74435572042352,42.482944524555215,16663.172508239746,-0.6602059192851734,334.51702880859375,208.08583068847656,-126.43119812011719,-37.795145606378064,0.10209380835294724,124.27149963378906,75.60139465332031
S_120,csv_vs_pred,True,,225.0,31.0,255.0,0.0,255.0,31.0,255.0,89.47968275282118,96.3001155305028,100.19210815429688,121.05104064941406,130.54018096923826,132.9112777709961,-89.47968275282118,-100.19210815429688,35.596328822543775,34.95300107532077,37.61723262910265,20132.928619384766,0.1891913138160266,334.51702880859375,280.82647705078125,-53.6905517578125,-16.05016998609315,0.17338474094867706,126.42042541503906,80.51934814453125
S_120,target_vs_pred,True,,174.0,25.0,198.0,0.0,255.0,25.0,198.0,14.730148140041308,16.368499919098802,13.254581451416016,20.345237731933594,25.560863113403318,27.623924255371094,-0.837628156289287,-1.6914596557617188,16.347053822427117,5.753964117203636,6.393945280897969,2563.0457763671875,0.5120948431881649,208.08583068847656,280.82647705078125,72.74064636230469,34.957039659133905,0.07184655964374542,72.3656005859375,17.41336441040039
S_121,csv_vs_target,True,,151.0,13.0,255.0,7.0,163.0,13.0,163.0,81.06415118286941,95.27709172627215,74.63294219970703,132.32629013061523,146.69308853149414,148.4899673461914,-58.485373490693554,-74.63294219970703,75.21426258011545,31.665684055808363,37.21761395557506,12240.686828613281,-0.6025174765774666,416.2993469238281,225.78121948242188,-190.51812744140625,-45.76469524745366,0.13721731305122375,133.69686889648438,55.90093994140625
S_121,csv_vs_pred,True,,243.0,13.0,255.0,0.0,255.0,13.0,255.0,62.62493271690337,74.10930019579162,60.30242919921875,100.86654281616211,125.48273849487303,135.2000961303711,-47.655277550465776,-60.30242919921875,56.755289595755144,24.46286434254038,28.9489453889811,15217.85865020752,-0.3977591425596922,416.2993469238281,305.4213562011719,-110.87799072265625,-26.634197612681,0.1724454164505005,127.68801879882812,46.69549560546875
S_121,target_vs_pred,True,,157.0,7.0,163.0,0.0,255.0,7.0,163.0,32.73725891113281,36.952191188543374,33.010223388671875,46.944610595703125,59.39658508300781,60.427955627441406,25.378108225051005,33.010223388671875,26.859189424706422,12.787991762161255,14.434449683024756,5139.749649047852,0.6045432729999718,225.78121948242188,305.4213562011719,79.64013671875,35.273144904518084,0.08587980270385742,99.61183166503906,32.76155090332031
S_122,csv_vs_target,True,,189.0,5.0,255.0,2.0,193.0,5.0,193.0,107.07039832059668,108.26703298117947,107.39112854003906,120.05764770507812,130.9932388305664,130.99999237060547,-107.07039832059668,-107.39112854003906,16.052421437794695,41.82437434398308,42.29180975827323,20236.305282592773,,250.0,212.8079071044922,-37.19209289550781,-14.876837157608051,0.019457560032606125,144.93101501464844,106.30422973632812
S_122,csv_vs_pred,True,,251.0,5.0,255.0,0.0,255.0,5.0,255.0,129.06286526866168,129.20038165993682,128.46762084960938,133.07008743286133,139.54962539672852,143.62274169921875,-129.06286526866168,-128.46762084960938,5.959482336295635,50.41518174557097,50.468899085912824,32394.779182434082,,250.0,281.671630859375,31.671630859375,12.668652343243254,0.08754366636276245,143.62274169921875,126.33026123046875
S_122,target_vs_pred,True,,192.0,2.0,193.0,0.0,255.0,2.0,193.0,20.136234998703003,23.67309237516963,21.93963623046875,28.597442626953125,39.016493988037105,39.58097839355469,-19.79752739270528,-21.93963623046875,12.979723099450101,7.8657167963683605,9.247301709050637,3866.1571197509766,0.7118518183006185,212.8079071044922,281.671630859375,68.86372375488281,32.359570040709826,0.07769837975502014,62.09294891357422,19.800003051757812
S_123,csv_vs_target,True,,76.0,114.0,255.0,47.0,189.0,114.0,189.0,140.5425857744719,140.87100440963076,138.82128143310547,149.8520050048828,155.69880294799805,156.0001678466797,-140.5425857744719,-138.82128143310547,9.613608438220362,54.89944756815308,55.02773609751201,10681.236518859863,,179.08441162109375,160.38748168945312,-18.696929931640625,-10.44028889022206,0.016902722418308258,156.0001678466797,131.8905029296875
S_123,csv_vs_pred,True,,142.0,114.0,255.0,0.0,255.0,114.0,255.0,121.05221079436826,121.66676995688508,126.21422576904297,128.60137748718262,130.65482749938965,131.1545181274414,-121.05221079436826,-126.21422576904297,12.213319513442098,47.2860198415501,47.52608201440823,17189.413932800293,0.1514004003498944,179.08441162109375,284.17718505859375,105.0927734375,58.68337309781413,0.1328037828207016,189.79779052734375,122.14907836914062
S_123,target_vs_pred,True,,143.0,47.0,189.0,0.0,255.0,47.0,189.0,12.407270204770816,15.126453154075278,11.015609741210938,21.235645294189453,25.62441558837891,27.35296630859375,10.05805435714188,11.015609741210938,11.298014319835728,4.8465899237386,5.908770763310656,1774.2396392822266,0.38871726016616587,160.38748168945312,284.17718505859375,123.78970336914062,77.18164912714799,0.08552907407283783,66.01372528076172,16.11697006225586
S_124,csv_vs_target,True,,128.0,79.0,255.0,27.0,206.0,79.0,206.0,116.58008515834808,118.28214878300662,111.03851318359375,138.41088104248047,145.40770149230957,145.7569122314453,-116.58008515834808,-111.03851318359375,19.99376065670545,45.53909576497972,46.20396436836196,14922.250900268555,,176.0,224.60800170898438,48.608001708984375,27.618182787626452,0.03188510239124298,145.7569122314453,106.99647521972656
S_124,csv_vs_pred,True,,177.0,79.0,255.0,0.0,255.0,79.0,255.0,127.3226671811551,127.38460453273976,126.54301452636719,128.43759155273438,136.65482177734376,138.59285736083984,-127.3226671811551,-126.54301452636719,3.971887943951846,49.73541686763871,49.75961114560147,22536.112091064453,,176.0,284.12054443359375,108.12054443359375,61.432127515596896,0.11242979764938354,155.18540954589844,126.40899658203125
S_124,target_vs_pred,True,,180.0,27.0,206.0,0.0,255.0,27.0,206.0,21.30781296624078,24.57982508123845,20.243080139160156,30.21767234802246,42.48621292114258,43.73643493652344,-13.538378016153972,-18.728965759277344,20.51536306566368,8.323364439937803,9.60149417235877,3835.40633392334,-0.1205864703624156,224.60800170898438,284.12054443359375,59.512542724609375,26.496181021666263,0.10887567698955536,58.509002685546875,23.040531158447266
S_125,csv_vs_target,True,,97.0,89.0,255.0,35.0,185.0,89.0,185.0,102.54113627954857,104.07279294685202,99.56024169921875,120.52593994140625,128.76397094726562,128.9954071044922,-102.54113627954857,-99.56024169921875,17.78936767446721,40.05513135919866,40.65343474486407,9946.490219116211,,166.0,182.59307861328125,16.59307861328125,9.995830489326305,0.032955367118120193,146.7644805908203,105.96333312988281
S_125,csv_vs_pred,True,,167.0,89.0,255.0,0.0,255.0,89.0,255.0,130.80142792113526,130.96045293713524,128.92828369140625,135.7565803527832,141.1853286743164,147.03620147705078,-130.80142792113526,-128.92828369140625,6.451874711405549,51.09430778169346,51.15642692856846,21843.83846282959,,166.0,312.35784912109375,146.35784912109375,88.1673789832994,0.19457454979419708,155.3730010986328,127.55049896240234
S_125,target_vs_pred,True,,151.0,35.0,185.0,0.0,255.0,35.0,185.0,22.02400480358806,26.094127671572792,20.9788818359375,33.14777374267578,45.232452392578125,46.68743896484375,-21.94487039932352,-20.9788818359375,14.118291755635145,8.603126876401586,10.193018621708122,3325.624725341797,0.46648394038990343,182.59307861328125,312.35784912109375,129.7647705078125,71.06773788262697,0.15355950593948364,70.01654815673828,20.732398986816406
S_126,csv_vs_target,True,,169.0,8.0,255.0,23.0,191.0,23.0,191.0,131.88273706379726,132.08015461188603,132.72821044921875,138.6549530029297,141.56596984863282,141.81137084960938,-131.88273706379726,-132.72821044921875,7.218788462133841,51.51669416554581,51.59381039526798,22288.18256378174,,247.0,174.16136169433594,-72.83863830566406,-29.489327248062803,0.012850586324930191,141.81137084960938,129.38739013671875
S_126,csv_vs_pred,True,,248.0,8.0,255.0,0.0,255.0,8.0,255.0,126.90279059256277,127.00129524876671,127.12259292602539,130.14508438110352,133.94798927307127,138.63492584228516,-126.90279059256277,-127.12259292602539,5.001073353248776,49.57140257521983,49.609880956549496,31471.892066955566,,247.0,272.8041687011719,25.804168701171875,10.447031862399664,0.07705627381801605,138.63491821289062,125.07958984375
S_126,target_vs_pred,True,,169.0,23.0,191.0,0.0,255.0,23.0,191.0,10.174512423001802,12.88655477144943,8.319694519042969,16.538803100585938,24.55274963378906,27.395370483398438,7.208894898905557,6.600067138671875,10.681532109866055,3.9744189152350793,5.033810457597434,1719.4925994873047,-0.7320433650484123,174.16136169433594,272.8041687011719,98.64280700683594,56.63874354306918,0.08775640279054642,66.12654876708984,12.895865440368652
S_127,csv_vs_target,True,,217.0,27.0,255.0,13.0,243.0,27.0,243.0,137.53720623666788,139.6238190367888,140.1155014038086,160.1259536743164,166.42914581298828,166.81137084960938,-137.53720623666788,-140.1155014038086,24.048445750822,53.72547118619839,54.54055431124563,29845.573753356934,,231.67152404785156,269.32025146484375,37.64872741699219,16.25090850940782,0.02823772467672825,166.81137084960938,125.60340881347656
S_127,csv_vs_pred,True,,229.0,27.0,255.0,0.0,255.0,27.0,255.0,129.85235105955965,129.95611972819393,129.43499755859375,134.59109497070312,137.74185791015626,140.1585235595703,-129.85235105955965,-129.43499755859375,5.192299983008829,50.72357463264049,50.76410926882575,29736.18839263916,0.19291112154697573,231.67152404785156,287.401611328125,55.73008728027344,24.055648404314407,0.11430887877941132,140.1585235595703,126.90817260742188
S_127,target_vs_pred,True,,231.0,13.0,243.0,0.0,255.0,13.0,243.0,23.5520334285059,27.071710468522518,23.357757568359375,36.10469055175781,44.28729248046875,49.6083984375,6.726091228006206,12.7706298828125,26.222837460580994,9.200013058010118,10.57488690176661,5440.519721984863,-0.4192566083735601,269.32025146484375,287.401611328125,18.08135986328125,6.713702279819149,0.10303667932748795,48.005558013916016,21.101665496826172
S_128,csv_vs_target,True,,168.0,7.0,255.0,22.0,189.0,22.0,189.0,97.59196499415806,98.53644977654305,100.33155822753906,107.90653228759766,118.39280853271484,119.3905029296875,-97.59196499415806,-100.33155822753906,13.610301361256399,38.12186132584299,38.49080069396213,16395.450119018555,,248.0,182.51170349121094,-65.48829650878906,-26.406571171834035,0.029684998095035553,119.3905029296875,94.35791015625
S_128,csv_vs_pred,True,,249.0,7.0,255.0,0.0,255.0,7.0,255.0,130.61998840699712,130.86343846642822,126.72622680664062,131.675048828125,145.87401580810547,146.71915435791016,-130.61998840699712,-126.72622680664062,7.978606132187264,51.02343297148325,51.11853065094852,32524.377113342285,,248.0,273.48248291015625,25.48248291015625,10.275194721422874,0.07479076087474823,146.71914672851562,128.45010375976562
S_128,target_vs_pred,True,,168.0,22.0,189.0,0.0,255.0,22.0,189.0,28.243111746651785,31.35777192002665,28.76917266845703,40.94331359863281,47.3141960144043,49.53263854980469,-28.243111746651785,-28.76917266845703,13.624848573637498,11.032465526035853,12.24912965626041,4744.8427734375,0.06587672232069687,182.51170349121094,273.48248291015625,90.97077941894531,49.84380599918171,0.07814055681228638,91.93355560302734,33.087562561035156
S_129,csv_vs_target,True,,159.0,6.0,255.0,0.0,164.0,6.0,164.0,133.9530162211484,135.03505896943744,132.952392578125,150.51298141479492,158.66156616210938,159.20445251464844,-133.9530162211484,-132.952392578125,17.06038089071279,52.3253969613861,52.748069909936504,21298.529579162598,-0.2743161824630179,268.037841796875,192.1982421875,-75.839599609375,-28.294362877320317,0.03338217735290527,159.20445251464844,122.56695556640625
S_129,csv_vs_pred,True,,250.0,6.0,255.0,0.0,255.0,6.0,255.0,119.40058590698243,119.73015729685955,121.80052185058594,125.84836959838867,130.5701374053955,131.12957763671875,-119.40058590698243,-121.80052185058594,8.877536336171199,46.64085386991501,46.76959269408576,29850.146476745605,0.5092838673444066,268.037841796875,273.9777526855469,5.939910888671875,2.216071748910612,0.09804768115282059,131.12957763671875,115.75901794433594
S_129,target_vs_pred,True,,165.0,0.0,164.0,0.0,255.0,0.0,164.0,14.053696418531013,17.401052614556757,13.288810729980469,22.769554138183594,30.773345947265625,32.679168701171875,8.965812451911695,8.009559631347656,14.913444912954143,5.489725163488677,6.797286177561233,2318.859909057617,0.6102295213475183,192.1982421875,273.9777526855469,81.77951049804688,42.54956214116229,0.08326645195484161,93.2649917602539,19.66957664489746
S_130,csv_vs_target,True,,171.0,5.0,255.0,0.0,175.0,5.0,175.0,106.85257604944776,108.0388333797147,109.77082824707031,121.81077575683594,129.22024154663086,133.26535034179688,-106.85257604944776,-109.77082824707031,15.966105024292553,41.73928751931553,42.20266928895106,18271.790504455566,0.6487482871947328,252.4619140625,216.3841552734375,-36.0777587890625,-14.290376796676735,0.02584470808506012,145.89036560058594,104.84651184082031
S_130,csv_vs_pred,True,,251.0,5.0,255.0,0.0,255.0,5.0,255.0,125.55863487578009,125.71904985249436,126.32989501953125,129.67255783081055,134.55989837646484,141.58018493652344,-125.55863487578009,-126.32989501953125,6.348913603484199,49.046341748351594,49.109003848630614,31515.2173538208,-0.0631388174300282,252.4619140625,293.12493896484375,40.66302490234375,16.106597722564388,0.13666805624961853,141.58018493652344,122.3076171875
S_130,target_vs_pred,True,,176.0,0.0,175.0,0.0,255.0,0.0,175.0,21.85470134561712,25.551877891746038,18.981182098388672,34.456045150756836,41.5139102935791,46.33171081542969,-17.271773901852693,-16.305011749267578,18.830408654035637,8.536992713131687,9.981202301463297,3846.4274368286133,0.2372905395785926,216.3841552734375,293.12493896484375,76.74078369140625,35.465066095474945,0.1404135376214981,80.1194076538086,21.8812313079834
S_131,csv_vs_target,True,,182.0,5.0,255.0,3.0,186.0,5.0,186.0,113.10312631628015,113.5442177518756,114.71309661865234,120.92972564697266,126.71450805664062,126.951171875,-113.10312631628015,-114.71309661865234,9.99861002184401,44.18090871729694,44.35321005932641,20584.76898956299,0.4696892207291055,275.5135498046875,189.5836181640625,-85.929931640625,-31.189003843339872,0.03298129513859749,151.4100341796875,113.24374389648438
S_131,csv_vs_pred,True,,251.0,5.0,255.0,0.0,255.0,5.0,255.0,122.01483686226773,122.77249685090776,124.52117919921875,129.93299102783203,144.87204360961914,149.6759490966797,-122.01483686226773,-124.52117919921875,13.61857439236383,47.66204564932333,47.95800658238584,30625.7240524292,-0.192862898443889,275.5135498046875,283.9574279785156,8.443878173828125,3.0647778229083618,0.12762652337551117,140.2193145751953,116.78805541992188
S_131,target_vs_pred,True,,184.0,3.0,186.0,0.0,255.0,3.0,186.0,6.294728652290676,8.069461063152602,5.577949523925781,11.062013626098633,14.803720092773434,17.40587615966797,-4.156344621077828,-3.0817718505859375,6.91671896498429,2.458878379801045,3.152133227793985,1158.2300720214844,0.04165957048707845,189.5836181640625,283.9574279785156,94.37380981445312,49.77951719847738,0.10367589443922043,69.00858306884766,9.968364715576172
S_132,csv_vs_target,True,,155.0,44.0,255.0,26.0,198.0,44.0,198.0,86.91846662952054,89.55405551260965,80.51571655273438,84.6654281616211,140.59759292602538,144.65721130371094,-86.91846662952054,-80.51571655273438,21.566386288122,33.95252602715646,34.982052934613144,13472.362327575684,,211.0352783203125,217.2178955078125,6.1826171875,2.92966049866931,0.03809930011630058,144.65721130371094,84.96548461914062
S_132,csv_vs_pred,True,,212.0,44.0,255.0,0.0,255.0,44.0,255.0,122.38207000156619,122.76020821032785,122.79741668701172,128.15532875061035,136.60787200927734,138.5790023803711,-122.38207000156619,-122.79741668701172,9.627962503811439,47.80549609436179,47.95320633215931,25944.99884033203,-0.28718758244206366,211.0352783203125,323.189453125,112.1541748046875,53.144751764747,0.16319715976715088,138.57901000976562,115.89994812011719
S_132,target_vs_pred,True,,173.0,26.0,198.0,0.0,255.0,26.0,198.0,36.578030713031744,38.72528403926926,40.31303405761719,43.512786865234375,51.894027709960945,56.71087646484375,-35.94232892163227,-40.31303405761719,14.415152292337348,14.288293247278025,15.127064077839556,6327.999313354492,0.7662036838469061,217.2178955078125,323.189453125,105.9715576171875,48.785832016541896,0.1349944919347763,69.59303283691406,32.175743103027344
S_133,csv_vs_target,True,,117.0,72.0,255.0,24.0,188.0,72.0,188.0,133.76458199003824,133.9684978948054,134.21649932861328,140.6100311279297,143.6353332519531,143.8349609375,-133.76458199003824,-134.21649932861328,7.388845188581331,52.25178983985869,52.33144449015836,15650.456092834473,,183.0,177.26290893554688,-5.737091064453125,-3.135022439420559,0.017298461869359016,143.8349609375,127.00303649902344
S_133,csv_vs_pred,True,,184.0,72.0,255.0,0.0,255.0,72.0,255.0,122.57334240623142,122.83567670288497,126.78633117675781,127.60639953613281,133.1079360961914,133.81529998779297,-122.57334240623142,-126.78633117675781,8.023665148822236,47.88021187743415,47.98268621206444,22553.495002746582,,183.0,293.5018615722656,110.50186157226562,60.38353091050671,0.08395703881978989,145.30520629882812,121.28268432617188
S_133,target_vs_pred,True,,165.0,24.0,188.0,0.0,255.0,24.0,188.0,15.39055078679865,17.475659696117877,14.004379272460938,22.90178680419922,29.08852386474609,29.938194274902344,2.4334330703272964,10.004768371582031,17.305406245065623,6.011933901093223,6.826429568796046,2539.4408798217773,-0.24986194715922008,177.26290893554688,293.5018615722656,116.23895263671875,65.5743230934036,0.1156839057803154,67.26043701171875,16.862712860107422
S_134,csv_vs_target,True,,166.0,8.0,255.0,22.0,187.0,22.0,187.0,124.2674514586667,124.61790521738286,122.51101684570312,132.0365924835205,139.79859161376953,139.98745727539062,-124.2674514586667,-122.51101684570312,9.33931521775193,48.54197322604168,48.678869225540176,20628.396942138672,,247.0,178.83480834960938,-68.16519165039062,-27.5972435820368,0.03472353518009186,139.98745727539062,121.80394744873047
S_134,csv_vs_pred,True,,248.0,8.0,255.0,0.0,255.0,8.0,255.0,125.93041201560727,126.00783325722466,126.66219329833984,128.29784202575684,131.5754737854004,132.88014221191406,-125.93041201560727,-126.66219329833984,4.416488623321251,49.19156719359659,49.221809866103385,31230.742179870605,,247.0,294.34881591796875,47.34881591796875,19.16956109961611,0.13627003133296967,132.88014221191406,122.9791259765625
S_134,target_vs_pred,True,,166.0,22.0,187.0,0.0,255.0,22.0,187.0,11.078774923301605,12.833772076686529,10.548564910888672,15.220645904541016,23.408565521240234,28.942527770996094,-0.23287315828254423,-4.3674774169921875,12.831659121426595,4.3276464544146895,5.013192217455675,1839.0766372680664,-0.6667863402832432,178.83480834960938,294.34881591796875,115.51400756835938,64.59257491756215,0.1473044902086258,69.08271789550781,14.113227844238281
S_135,csv_vs_target,False,no_y_overlap,,,,,,,,,,,,,,,,,,,,,,,,,,,
S_135,csv_vs_pred,True,,81.0,175.0,255.0,0.0,255.0,175.0,255.0,127.01641252305772,127.03587472479894,127.72041320800781,128.61363220214844,129.4116668701172,129.8736114501953,-127.01641252305772,-127.72041320800781,2.2236044763478544,49.61578614181942,49.62338856437459,10288.329414367676,,80.0,293.7381896972656,213.73818969726562,267.17273708818544,0.07365685701370239,222.06822204589844,136.1033935546875
S_135,target_vs_pred,True,,133.0,43.0,175.0,0.0,255.0,43.0,175.0,20.936174665178573,23.406489527998573,23.82647705078125,27.440879821777344,36.832252502441406,37.17902374267578,1.9183295687338464,7.55133056640625,23.32774664835908,8.17819322858538,9.143159971874443,2784.51123046875,0.5206926040045389,205.31314086914062,293.7381896972656,88.425048828125,43.06838249587598,0.15186911821365356,87.85176849365234,24.653005599975586
S_136,csv_vs_target,True,,143.0,27.0,255.0,24.0,169.0,27.0,169.0,90.72052930285047,90.8048494094489,91.07966613769531,92.6038818359375,98.43350830078126,99.0,-90.72052930285047,-91.07966613769531,3.9123189138081442,35.43770675892596,35.47064430056598,12973.035690307617,,228.0,148.49510192871094,-79.50489807128906,-34.87056932798333,0.01677175611257553,131.1373291015625,93.75174713134766
S_136,csv_vs_pred,True,,229.0,27.0,255.0,0.0,255.0,27.0,255.0,126.61133315573613,126.67143971172402,126.9830322265625,129.19920349121094,132.29871826171876,133.55029296875,-126.61133315573613,-126.9830322265625,3.90178871392638,49.45755201395943,49.48103113739219,28993.995292663574,,228.0,294.54962158203125,66.54962158203125,29.188430517154565,0.10714885592460632,133.55029296875,123.93157196044922
S_136,target_vs_pred,True,,146.0,24.0,169.0,0.0,255.0,24.0,169.0,35.27842367511906,35.67351105127003,36.10704040527344,39.249698638916016,43.07565116882324,45.633148193359375,-35.27842367511906,-36.10704040527344,5.294545657928004,13.780634248093381,13.934965254402357,5150.649856567383,0.18438041536139238,148.49510192871094,294.54962158203125,146.0545196533203,98.35645603556813,0.12652407586574554,90.50928497314453,36.401153564453125
S_137,csv_vs_target,True,,197.0,28.0,255.0,33.0,229.0,33.0,229.0,131.40755772469612,133.92711272568965,144.75706481933594,148.763671875,157.23233489990236,158.11732482910156,-131.40755772469612,-144.75706481933594,25.855856123328017,51.331077236209424,52.31527840847252,25887.288871765137,,227.07925415039062,229.12356567382812,2.0443115234375,0.9002634481059031,0.041672684252262115,158.11732482910156,120.77100372314453
S_137,csv_vs_pred,True,,228.0,28.0,255.0,0.0,255.0,28.0,255.0,130.2357213204367,130.48908740685644,129.90956115722656,133.04217147827148,148.22452392578126,149.83612060546875,-130.2357213204367,-129.90956115722656,8.127657991067762,50.87332864079559,50.972299768303294,29693.74446105957,0.5260301965169499,227.07925415039062,293.16815185546875,66.08889770507812,29.10389059953412,0.10247242450714111,149.21487426757812,126.50544738769531
S_137,target_vs_pred,True,,197.0,33.0,229.0,0.0,255.0,33.0,229.0,19.132051806764554,22.339363667920487,18.31311798095703,21.271957397460938,43.51127929687498,65.82311248779297,3.342942058737508,16.650978088378906,22.087822606122355,7.473457737017404,8.72631393278144,3769.014205932617,0.7219114305374679,229.12356567382812,293.16815185546875,64.04458618164062,27.951985641676394,0.09845482558012009,72.76099395751953,20.201265335083008
S_138,csv_vs_target,True,,169.0,44.0,255.0,19.0,212.0,44.0,212.0,122.59030399661093,123.11458163061111,122.4688720703125,133.49151611328125,139.06619873046876,139.44483947753906,-122.59030399661093,-122.4688720703125,11.349783085985552,47.886837498676144,48.09163344945747,20717.761375427246,,211.0,207.79104614257812,-3.208953857421875,-1.5208312119762046,0.015680482611060143,139.44483947753906,116.7684555053711
S_138,csv_vs_pred,True,,212.0,44.0,255.0,0.0,255.0,44.0,255.0,128.31425177376227,128.49636127329194,127.775146484375,132.85364723205566,140.42564964294434,142.18737030029297,-128.31425177376227,-127.775146484375,6.838687901630983,50.122754599125884,50.19389112237966,27202.621376037598,,211.0,312.60638427734375,101.60638427734375,48.1546844893499,0.14826460182666779,142.1873779296875,124.08319091796875
S_138,target_vs_pred,True,,194.0,19.0,212.0,0.0,255.0,19.0,212.0,10.929199769324864,13.117193651981403,8.517562866210938,16.736419677734375,22.604390716552732,23.295974731445312,-7.224094508849468,-5.953334808349609,10.94866328968026,4.269218659892525,5.123903770305235,2120.2647552490234,0.4730851110274526,207.79104614257812,312.60638427734375,104.81533813476562,50.44266347155361,0.100804902613163,43.65359878540039,12.981353759765625
S_139,csv_vs_target,True,,154.0,5.0,255.0,18.0,171.0,18.0,171.0,148.34190948288162,150.6606956551261,149.48783493041992,170.92097854614258,178.47898750305177,178.86946868896484,-148.34190948288162,-149.48783493041992,26.331029342946078,57.94605839175063,58.85183424028363,22844.65406036377,-0.7280574019590434,312.7890625,189.2008056640625,-123.5882568359375,-39.51169386940642,0.05591897666454315,158.04110717773438,118.72291564941406
S_139,csv_vs_pred,True,,251.0,5.0,255.0,0.0,255.0,5.0,255.0,100.48049881163821,105.39699815517616,109.53268432617188,128.25739669799805,132.46853637695312,133.36395263671875,-100.48049881163821,-109.53268432617188,31.81503699018089,39.250194848296175,41.17070240436569,25220.60520172119,0.3788229352514492,312.7890625,288.1302490234375,-24.6588134765625,-7.883528048802584,0.12817353010177612,129.71812438964844,91.69381713867188
S_139,target_vs_pred,True,,154.0,18.0,171.0,0.0,255.0,18.0,171.0,28.449388479257557,32.30300008695846,28.00745391845703,43.12889099121094,48.08132972717285,52.50181579589844,27.77506850601791,28.00745391845703,16.493313314917977,11.113042374709984,12.61835940896815,4381.205825805664,0.3280283047660011,189.2008056640625,288.1302490234375,98.929443359375,52.28806664269782,0.12802687287330627,86.9683837890625,27.637920379638672
S_140,csv_vs_target,True,,168.0,7.0,255.0,9.0,176.0,9.0,176.0,110.28474108378093,110.65718892133698,113.94082641601562,117.16169357299805,122.61913299560547,123.27688598632812,-110.28474108378093,-113.94082641601562,9.071347422288818,43.07997698585193,43.22546442239726,18527.836502075195,,248.0,182.12063598632812,-65.87936401367188,-26.564259681861067,0.03167828917503357,143.6079559326172,110.50045776367188
S_140,csv_vs_pred,True,,249.0,7.0,255.0,0.0,255.0,7.0,255.0,127.37642700317873,127.40243319188546,127.45613098144531,128.5252227783203,132.3444046020508,133.84739685058594,-127.37642700317873,-127.45613098144531,2.5740682035873865,49.756416798116696,49.76657546558026,31716.730323791504,,248.0,278.7566223144531,30.756622314453125,12.401863835972959,0.09882707893848419,133.84739685058594,125.97453308105469
S_140,target_vs_pred,True,,168.0,9.0,176.0,0.0,255.0,9.0,176.0,16.46943841661726,19.239325503138787,12.787158966064453,25.74730682373047,31.843220520019532,34.633522033691406,-16.46943841661726,-12.787158966064453,9.945312667632836,6.433374381491117,7.5153615246635885,2766.865653991699,-0.30210427573202736,182.12063598632812,278.7566223144531,96.635986328125,53.061524741256314,0.08895667642354965,79.3683853149414,19.431764602661133
S_141,csv_vs_target,True,,63.0,126.0,255.0,46.0,188.0,126.0,188.0,128.64579676068018,128.9141850766481,132.14437866210938,134.7181282043457,135.7430107116699,135.78671264648438,-128.64579676068018,-132.14437866210938,8.314210111974013,50.2522643596407,50.357103545565664,8104.685195922852,,129.0,173.98081970214844,44.98081970214844,34.8688524795826,0.02873847633600235,147.23060607910156,117.17284393310547
S_141,csv_vs_pred,True,,130.0,126.0,255.0,0.0,255.0,126.0,255.0,129.70247409527119,129.85819894889943,128.63671875,132.95380401611328,141.19565048217774,143.37635803222656,-129.70247409527119,-128.63671875,6.357676290709735,50.66502894346531,50.72585896441384,16861.321632385254,,129.0,309.9560852050781,180.95608520507812,140.2760350318221,0.19323164224624634,177.63804626464844,127.9281005859375
S_141,target_vs_pred,True,,143.0,46.0,188.0,0.0,255.0,46.0,188.0,18.686070155430507,23.85673722930553,15.05377197265625,31.526763916015625,45.040584564208984,46.779991149902344,-16.03360881672039,-15.05377197265625,17.66542667303903,7.299246154465042,9.319037980197473,2672.1080322265625,0.47921987778792785,173.98081970214844,309.9560852050781,135.9752655029297,78.15531949320678,0.1525377482175827,67.0833740234375,19.69715690612793
S_142,csv_vs_target,True,,205.0,9.0,255.0,33.0,237.0,33.0,237.0,125.86830859300566,139.58757641217076,162.93157196044922,171.83625030517578,191.1838264465332,191.90962600708008,-125.86830859300566,-162.93157196044922,60.347828300275296,49.167308044142835,54.526397036004205,25803.003261566162,-0.9186868018801584,339.75079345703125,247.28085327148438,-92.46994018554688,-27.21699020682934,0.060258083045482635,171.3724365234375,106.33660125732422
S_142,csv_vs_pred,True,,247.0,9.0,255.0,0.0,255.0,9.0,255.0,100.88525158963223,109.15577218333803,127.51891326904297,132.70680618286133,138.46071853637696,142.21829223632812,-100.88525158963223,-127.51891326904297,41.679114825502225,39.40830140220009,42.63897350911642,24918.65714263916,-0.838846698104042,339.75079345703125,292.0352783203125,-47.71551513671875,-14.044268933061069,0.16669297218322754,138.66310119628906,92.0854721069336
S_142,target_vs_pred,True,,205.0,33.0,237.0,0.0,255.0,33.0,237.0,26.33442295353587,31.539527841353358,31.38123321533203,38.73243713378906,56.13400802612304,59.121925354003906,21.850830841064454,31.38123321533203,22.74385648940589,10.28688396622495,12.320128063028655,5398.5567054748535,0.9076212978453061,247.28085327148438,292.0352783203125,44.754425048828125,18.098621245812076,0.13945986330509186,53.79253005981445,23.643699645996094
S_143,csv_vs_target,True,,115.0,5.0,132.0,18.0,133.0,18.0,132.0,8.163589444367782,9.61700275756725,8.286430358886719,12.858333587646484,15.25176544189453,15.474296569824219,5.2029519454292625,5.978759765625,8.088017871679682,3.188902126706165,3.756641702174707,938.8127861022949,0.967291114137018,209.9907989501953,164.6527862548828,-45.3380126953125,-21.59047583027984,0.13419762253761292,14.416833877563477,5.551097869873047
S_143,csv_vs_pred,True,,128.0,5.0,132.0,0.0,255.0,5.0,132.0,28.11106178164482,36.075168433294884,24.04175567626953,49.744239807128906,64.63697853088378,67.29476165771484,26.480906933546066,24.04175567626953,24.498558028330308,10.980883508455008,14.091862669255814,3598.215908050537,0.671436697892206,209.9907989501953,279.86016845703125,69.86936950683594,33.27258615749159,0.15663260221481323,123.34765625,31.512035369873047
S_143,target_vs_pred,True,,116.0,18.0,133.0,0.0,255.0,18.0,133.0,25.10081021539096,30.8672936383683,25.9664306640625,40.59095764160156,53.21495056152344,53.83539581298828,24.840968559528218,25.9664306640625,18.32255706995567,9.805003990387094,12.057536577487618,2911.6939849853516,0.5602215937629856,164.6527862548828,279.86016845703125,115.20738220214844,69.96989532676976,0.09400497376918793,122.2885513305664,30.054821014404297
S_144,csv_vs_target,True,,181.0,10.0,255.0,19.0,199.0,19.0,199.0,161.32852902069934,162.0881972368877,163.96449279785156,175.7682113647461,182.30623626708984,182.6177749633789,-161.32852902069934,-163.96449279785156,15.674482687526973,63.01895664871068,63.315702045659265,29200.463752746582,,245.00082397460938,196.82867431640625,-48.172149658203125,-19.662035773899778,0.026332443580031395,182.61776733398438,155.58514404296875
S_144,csv_vs_pred,True,,246.0,10.0,255.0,0.0,255.0,10.0,255.0,129.41411888308642,129.67583354685084,128.07703018188477,133.72469902038574,147.16680526733398,151.48362731933594,-129.41411888308642,-128.07703018188477,8.234539439758592,50.55239018870563,50.65462247923861,31835.873245239258,0.20248756866530432,245.00082397460938,292.5255126953125,47.524688720703125,19.397766892281375,0.09659717231988907,151.48362731933594,126.03677368164062
S_144,target_vs_pred,True,,181.0,19.0,199.0,0.0,255.0,19.0,199.0,32.47891597853181,35.83989016296222,31.876426696777344,45.06407165527344,60.88096618652344,63.29949951171875,32.47891597853181,31.876426696777344,15.153143032145737,12.687076554113988,13.999957094907117,5878.683792114258,0.3530539232995585,196.82867431640625,292.5255126953125,95.69683837890625,48.6193582852718,0.10695909708738327,58.44468307495117,29.14420509338379
S_145,csv_vs_target,True,,163.0,6.0,173.0,11.0,174.0,11.0,173.0,4.81040566099202,6.163700711484643,4.239898681640625,7.396446228027344,12.36139602661133,13.82958984375,0.8497879402769124,-0.1346435546875,6.104839630761501,1.8790647113250076,2.4076955904236885,784.0961227416992,0.9769555328035797,237.512939453125,202.46405029296875,-35.04888916015625,-14.756623045203714,0.14002807438373566,12.09160327911377,3.7788071632385254
S_145,csv_vs_pred,True,,168.0,6.0,173.0,0.0,255.0,6.0,173.0,20.998820577348983,25.260434938668435,14.360614776611328,32.85425567626953,47.702277755737306,49.153900146484375,11.000541005815778,10.56304931640625,22.73934191813973,8.202664288026947,9.867357397917358,3527.801856994629,0.22006459092944836,237.512939453125,285.06427001953125,47.55133056640625,20.020522112981055,0.16357290744781494,85.11955261230469,22.025999069213867
S_145,target_vs_pred,True,,164.0,11.0,174.0,0.0,255.0,11.0,174.0,19.62463495207996,22.47444773213163,19.820064544677734,25.37750816345215,39.94200172424316,41.085906982421875,10.654444019968917,16.340232849121094,19.788471984710316,7.665873028156234,8.779081145363918,3218.4401321411133,0.06991828181120621,202.46405029296875,285.06427001953125,82.6002197265625,40.79747471363874,0.0966101735830307,86.80781555175781,22.466846466064453
S_146,csv_vs_target,True,,109.0,57.0,255.0,18.0,165.0,57.0,165.0,142.90996040554222,144.42309481738172,149.51583862304688,161.0395965576172,166.5094970703125,166.8311996459961,-142.90996040554222,-149.51583862304688,20.85122378942741,55.82420328341493,56.41527141303973,15577.185684204102,,198.0,183.65689086914062,-14.343109130859375,-7.24399451016918,0.03160674497485161,166.83120727539062,129.32106018066406
S_146,csv_vs_pred,True,,199.0,57.0,255.0,0.0,255.0,57.0,255.0,132.09964970727663,132.31455385609465,133.80807495117188,137.7302474975586,143.11015243530272,146.3681411743164,-132.09964970727663,-133.80807495117188,7.5381502606531345,51.60142566690493,51.68537260003697,26287.830291748047,,198.0,291.0869445800781,93.08694458007812,47.013608371402405,0.08612961322069168,146.36813354492188,128.44735717773438
S_146,target_vs_pred,True,,148.0,18.0,165.0,0.0,255.0,18.0,165.0,17.557432174682617,20.59048015290659,18.837234497070312,27.345979690551758,32.164794540405275,33.34185791015625,13.56019535580197,18.306716918945312,15.49480476933243,6.858371943235397,8.043156309729136,2598.4999618530273,0.6668542205229212,183.65689086914062,291.0869445800781,107.4300537109375,58.494975710785695,0.08304823935031891,94.84568786621094,22.595993041992188
S_147,csv_vs_target,True,,133.0,22.0,255.0,9.0,154.0,22.0,154.0,116.25558196333118,116.79063265533088,114.17604064941406,126.88482666015625,133.65773162841796,134.0929946899414,-116.25558196333118,-114.17604064941406,11.166536544498854,45.412336704426245,45.621340880988626,15461.992401123047,,233.0,173.84814453125,-59.15185546875,-25.38706243185034,0.037115972489118576,153.02359008789062,113.61664581298828
S_147,csv_vs_pred,True,,234.0,22.0,255.0,0.0,255.0,22.0,255.0,131.31633054293118,131.51364098920067,130.79358673095703,135.06640434265137,144.4751651763916,146.90572357177734,-131.31633054293118,-130.79358673095703,7.201326195638798,51.2954416183325,51.37251601140651,30728.0213470459,,233.0,307.2398986816406,74.23989868164062,31.862617458564102,0.12281347811222076,146.90573120117188,127.056884765625
S_147,target_vs_pred,True,,146.0,9.0,154.0,0.0,255.0,9.0,154.0,15.899134648989325,18.85296106282195,15.620841979980469,18.599735260009766,36.54623031616211,38.47737121582031,-15.899134648989325,-15.620841979980469,10.131715464302562,6.210599472261455,7.3644379151648245,2321.2736587524414,0.6607522386244828,173.84814453125,307.2398986816406,133.39175415039062,76.72889147156813,0.12687379121780396,101.4295654296875,22.36435317993164
S_148,csv_vs_target,True,,104.0,74.0,255.0,16.0,177.0,74.0,177.0,150.13887192652777,150.16304113723695,149.93698120117188,152.72213172912598,154.35948104858397,154.52024841308594,-150.13887192652777,-149.93698120117188,2.6940787318136805,58.64799684629991,58.65743794423318,15614.442680358887,,181.0,202.65594482421875,21.65594482421875,11.964610399459827,0.021664563566446304,171.73526000976562,136.53146362304688
S_148,csv_vs_pred,True,,182.0,74.0,255.0,0.0,255.0,74.0,255.0,126.90048226157387,127.19933298360853,127.2064208984375,132.92127227783203,142.63164024353026,145.95379638671875,-126.90048226157387,-127.2064208984375,8.714236240480172,49.57050088342729,49.68723944672208,23095.887771606445,,181.0,351.88421630859375,170.88421630859375,94.41116922605117,0.2551298141479492,149.5003662109375,122.60870361328125
S_148,target_vs_pred,True,,162.0,16.0,177.0,0.0,255.0,16.0,177.0,21.278678328902632,23.776170740455314,20.685375213623047,27.30770492553711,40.71617050170898,42.191619873046875,3.974306365590037,12.9052734375,23.44165489021016,8.311983722227591,9.287566695490357,3447.1458892822266,0.48513084191117267,202.65594482421875,351.88421630859375,149.228271484375,73.6362664349423,0.17154915630817413,82.49784088134766,24.142526626586914
S_149,csv_vs_target,True,,162.0,11.0,255.0,14.0,175.0,14.0,175.0,145.35527580167042,145.62237412743224,145.52825927734375,155.06912422180176,156.51193809509277,156.59964752197266,-145.35527580167042,-145.52825927734375,8.815874496054201,56.779404610027505,56.883739893528215,23547.554679870605,,244.0,164.74078369140625,-79.25921630859375,-32.4832853710432,0.012481147423386574,160.36940002441406,144.51307678222656
S_149,csv_vs_pred,True,,245.0,11.0,255.0,0.0,255.0,11.0,255.0,123.57114556760204,123.7133548078041,124.19194030761719,128.7010040283203,131.65680847167968,132.226318359375,-123.57114556760204,-124.19194030761719,5.930104629104877,48.26997873734455,48.325529221798476,30274.9306640625,,244.0,271.0690002441406,27.069000244140625,11.09385255861936,0.05994418263435364,132.226318359375,121.71412658691406
S_149,target_vs_pred,True,,162.0,14.0,175.0,0.0,255.0,14.0,175.0,20.276319291856552,21.101209834352776,21.315723419189453,23.38838768005371,30.458537292480468,31.400619506835938,20.276319291856552,21.315723419189453,5.842254055420054,7.920437223381466,8.242660091544053,3284.7637252807617,0.8271059385285164,164.74078369140625,271.0690002441406,106.32821655273438,64.54274051861678,0.05166623741388321,84.53975677490234,23.84728240966797
S_150,csv_vs_target,True,,204.0,13.0,255.0,27.0,230.0,27.0,230.0,134.9723870520498,136.91510185725465,138.10809326171875,158.49093437194824,165.8353057861328,165.9954071044922,-134.9723870520498,-138.10809326171875,22.982598853351423,52.72358869220696,53.4824616629901,27534.366958618164,,242.0,220.81744384765625,-21.18255615234375,-8.75312237663985,0.041193269193172455,166.58473205566406,130.567626953125
S_150,csv_vs_pred,True,,243.0,13.0,255.0,0.0,255.0,13.0,255.0,130.27101948428057,130.87589414000436,127.08908081054688,138.46780395507812,155.00441818237303,158.41436004638672,-130.27101948428057,-127.08908081054688,12.568259603931676,50.8871169860471,51.123396148439205,31655.857734680176,,242.0,291.5889587402344,49.588958740234375,20.49130526371291,0.08055241405963898,158.41436767578125,126.55615234375
S_150,target_vs_pred,True,,204.0,27.0,230.0,0.0,255.0,27.0,230.0,15.809765759636374,18.021431565673694,18.396377563476562,21.92829704284668,28.207183837890625,28.679847717285156,5.156516505222695,7.858695983886719,17.26795683361602,6.175689749857958,7.039621705341287,3225.1922149658203,0.6641006993084665,220.81744384765625,291.5889587402344,70.77151489257812,32.049784498999536,0.09836091846227646,40.192562103271484,15.85336685180664
S_151,csv_vs_target,True,,146.0,10.0,155.0,5.0,183.0,10.0,155.0,18.238170388626727,21.16475727823013,22.274784088134766,27.325207710266113,31.816987991333008,33.88237762451172,17.619515327558126,22.274784088134766,11.726023634137004,7.124285308057315,8.267483311808645,2662.772876739502,0.6277014538876522,195.62857055664062,198.23513793945312,2.6065673828125,1.3324062918123587,0.12393613159656525,33.993614196777344,16.482290267944336
S_151,csv_vs_pred,True,,146.0,10.0,155.0,0.0,255.0,10.0,155.0,44.35267688803477,46.32077315680736,47.04496765136719,56.095354080200195,62.22999286651611,62.73450469970703,44.35267688803477,47.04496765136719,13.358670544256714,17.325264409388584,18.094052014377876,6475.490825653076,0.48059434634327697,195.62857055664062,295.02178955078125,99.39321899414062,50.80710793226516,0.2090412825345993,118.40088653564453,45.429664611816406
S_151,target_vs_pred,True,,179.0,5.0,183.0,0.0,255.0,5.0,183.0,27.445390115237103,28.690146688296466,30.094757080078125,32.67959213256836,35.793949890136716,36.220375061035156,27.445390115237103,30.094757080078125,8.359131439235433,10.720855513764494,11.207088550115806,4912.724830627441,0.7217171705961519,198.23513793945312,295.02178955078125,96.78665161132812,48.824165388886406,0.11076187342405319,84.44153594970703,28.915081024169922
S_152,csv_vs_target,True,,124.0,50.0,173.0,42.0,180.0,50.0,173.0,7.323511308239352,9.619195934948314,5.188709259033203,9.556877136230469,20.646411514282228,21.108993530273438,5.334381964898879,2.892650604248047,8.004579906996229,2.860746604780997,3.757498412089185,908.1154022216797,0.8864340645113903,180.84461975097656,161.41143798828125,-19.433181762695312,-10.745789279426873,0.11515258997678757,21.0183162689209,5.798084259033203
S_152,csv_vs_pred,True,,124.0,50.0,173.0,0.0,255.0,50.0,173.0,14.620914336173765,18.647916080821012,11.889751434326172,25.55795669555664,33.97692794799805,34.561180114746094,13.358878351026966,11.889751434326172,13.010962430189625,5.711294662567877,7.284342219070708,1812.9933776855469,0.5813273298626218,180.84461975097656,273.2368469238281,92.39222717285156,51.089287198572414,0.13897770643234253,86.60230255126953,20.51930809020996
S_152,target_vs_pred,True,,139.0,42.0,180.0,0.0,255.0,42.0,180.0,8.781182707642479,11.971615029615034,6.943824768066406,13.780338287353516,26.43642425537109,30.659698486328125,8.535843993262421,6.943824768066406,8.393981995453077,3.4301494951728433,4.676412120943373,1220.5843963623047,0.5232561302303328,161.41143798828125,273.2368469238281,111.82540893554688,69.27973031052336,0.06554478406906128,82.6815414428711,16.207630157470703
S_153,csv_vs_target,True,,134.0,38.0,178.0,43.0,176.0,43.0,176.0,7.993117375160331,9.927441744858095,7.1445159912109375,12.198280334472656,18.716458892822263,19.855316162109375,-1.1552208288392025,1.65185546875,9.85999819645862,3.122311474672004,3.8779069315851933,1071.0777282714844,0.8989402756347064,200.0859832763672,145.96054077148438,-54.12544250488281,-27.051091543687676,0.11688420176506042,19.626705169677734,6.428943634033203
S_153,csv_vs_pred,True,,141.0,38.0,178.0,0.0,255.0,38.0,178.0,29.795265522408993,33.728229822698076,26.73908233642578,41.709381103515625,57.97265625,60.48381042480469,-29.795265522408993,-26.73908233642578,15.806189908446811,11.638775594691014,13.175089774491436,4201.132438659668,-0.07476593224172609,200.0859832763672,282.7748718261719,82.68888854980469,41.32667725727626,0.158787339925766,77.00050354003906,28.632793426513672
S_153,target_vs_pred,True,,134.0,43.0,176.0,0.0,255.0,43.0,176.0,29.046952660404035,30.006296365678296,27.93506622314453,33.614803314208984,42.807853317260744,43.8475341796875,-29.046952660404035,-27.93506622314453,7.526776383629679,11.346465882970326,11.721209517843084,3892.2916564941406,-0.038498971477581384,145.96054077148438,282.7748718261719,136.8143310546875,93.73377922702441,0.07523083686828613,79.35142517089844,30.68764877319336
S_154,csv_vs_target,True,,90.0,36.0,137.0,48.0,174.0,48.0,137.0,21.35004446241591,26.095527549711303,18.230018615722656,34.95269012451172,44.35029220581055,44.891998291015625,18.2052427927653,18.230018615722656,18.6961411246869,8.339861118131214,10.193565449105977,1921.5040016174316,0.21642270265547858,151.35821533203125,152.0442657470703,0.6860504150390625,0.45326275385102965,0.1246524378657341,47.01881408691406,18.67351531982422
S_154,csv_vs_pred,True,,102.0,36.0,137.0,0.0,255.0,36.0,137.0,33.51111277411966,37.20658597358987,27.938751220703125,47.0725212097168,62.18159637451172,63.18143844604492,33.51111277411966,27.938751220703125,16.165870234861107,13.090278427390492,14.533822645933542,3418.133502960205,0.3583788447423814,151.35821533203125,264.10589599609375,112.7476806640625,74.49062504422457,0.1566362828016281,118.62640380859375,37.525146484375
S_154,target_vs_pred,True,,127.0,48.0,174.0,0.0,255.0,48.0,174.0,13.550735894150622,16.121365812865758,12.688629150390625,20.634140014648438,27.67458724975586,28.308486938476562,9.881804999404066,11.112823486328125,12.737675047903744,5.293256208652586,6.297408520650687,1720.943458557129,0.7263033749521468,152.0442657470703,264.10589599609375,112.06163024902344,73.70329271612952,0.05799606069922447,82.7317123413086,18.4741268157959
S_155,csv_vs_target,True,,120.0,45.0,166.0,47.0,170.0,47.0,166.0,6.476341247558594,8.485751306500699,5.272426605224609,10.862537384033203,16.44570503234863,18.80815887451172,1.8638665517171225,0.970123291015625,8.278525032466137,2.5298207998275757,3.3147466041018356,777.1609497070312,0.9663875731711079,181.46109008789062,142.60226440429688,-38.85882568359375,-21.41441212693644,0.16081824898719788,16.525968551635742,4.943863391876221
S_155,csv_vs_pred,True,,122.0,45.0,166.0,0.0,255.0,45.0,166.0,22.384593150654776,29.7872837256587,15.533592224121094,41.242034912109375,54.82807273864746,57.137046813964844,20.910599630387104,15.533592224121094,21.21388919671606,8.743981699474523,11.63565770533543,2730.920364379883,-0.25607160207427027,181.46109008789062,278.633056640625,97.17196655273438,53.54975355891127,0.19416707754135132,96.81112670898438,28.002248764038086
S_155,target_vs_pred,True,,124.0,47.0,170.0,0.0,255.0,47.0,170.0,19.510737942111106,24.159042316117276,14.276432037353516,34.763681411743164,39.71683959960937,40.106101989746094,19.510737942111106,14.276432037353516,14.247471024227815,7.621382008637151,9.43712590473331,2419.3315048217773,-0.20606272394828304,142.60226440429688,278.633056640625,136.03079223632812,95.39174766616826,0.0828455463051796,90.12140655517578,25.77930450439453
S_156,csv_vs_target,True,,106.0,16.0,125.0,20.0,177.0,20.0,125.0,44.80782721177587,46.45869357633244,45.3398323059082,55.07664489746094,61.79807472229004,61.892608642578125,44.80782721177587,45.3398323059082,12.274723189513956,17.50305750459995,18.14792717825486,4749.629684448242,0.1287580318454113,139.75416564941406,160.17236328125,20.418197631835938,14.61008159255576,0.09409470856189728,71.17720794677734,43.451263427734375
S_156,csv_vs_pred,True,,110.0,16.0,125.0,0.0,255.0,16.0,125.0,26.119377552379262,28.863984817812977,29.615795135498047,33.251386642456055,42.520886993408205,42.96954345703125,26.119377552379262,29.615795135498047,12.284450978338612,10.20288185639815,11.274994069458193,2873.1315307617188,-0.0887379460604606,139.75416564941406,259.8477783203125,120.09361267089844,85.93204510523921,0.08840020000934601,136.23245239257812,38.2335319519043
S_156,target_vs_pred,True,,158.0,20.0,177.0,0.0,255.0,20.0,177.0,16.934856028496466,17.38924006221163,18.787147521972656,19.924251556396484,21.137770080566405,21.497909545898438,-16.934856028496466,-18.787147521972656,3.9492178004413554,6.615178136131432,6.792671899301419,2675.7072525024414,0.6672989083236074,160.17236328125,259.8477783203125,99.6754150390625,62.230095748676284,0.04959811270236969,78.39584350585938,20.697906494140625
S_157,csv_vs_target,True,,117.0,80.0,255.0,29.0,196.0,80.0,196.0,132.42400855692023,132.59730187905623,131.28227996826172,139.17042541503906,142.7060119628906,142.89210510253906,-132.42400855692023,-131.28227996826172,6.776903667773679,51.72812834254697,51.79582104650634,15493.609001159668,,175.0,176.529541015625,1.529541015625,0.8740234374500557,0.0180729441344738,142.89210510253906,128.75003051757812
S_157,csv_vs_pred,True,,176.0,80.0,255.0,0.0,255.0,80.0,255.0,125.62162000482732,125.72881883509876,124.94487762451172,128.915189743042,135.19693756103516,135.48938751220703,-125.62162000482732,-124.94487762451172,5.1908065877908935,49.070945314385675,49.11281985746045,22109.40512084961,,175.0,274.98358154296875,99.98358154296875,57.13347516414594,0.08578217774629593,151.9874267578125,125.10758972167969
S_157,target_vs_pred,True,,168.0,29.0,196.0,0.0,255.0,29.0,196.0,5.807348614647275,7.003031618339328,6.674320220947266,8.585227966308594,13.012426757812502,14.626678466796875,1.4398312341599238,1.5045928955078125,6.853417969495066,2.2684955525965917,2.7355592259138,975.6345672607422,0.509247723456521,176.529541015625,274.98358154296875,98.45404052734375,55.771991449891196,0.07769331336021423,59.910518646240234,8.862771987915039
S_158,csv_vs_target,True,,112.0,52.0,163.0,45.0,169.0,52.0,163.0,11.494691065379552,13.41722216573879,11.949256896972656,18.699691772460938,19.918457412719725,20.234085083007812,8.099047558648246,8.987735748291016,10.697068724073254,4.4901136974138876,5.241102408491715,1287.4053993225098,0.9888321664619747,252.3961639404297,233.909912109375,-18.486251831054688,-7.324299839471952,0.17775429785251617,20.234085083007812,7.136404037475586
S_158,csv_vs_pred,True,,112.0,52.0,163.0,0.0,255.0,52.0,163.0,45.40648715836661,55.41707454464177,43.65852737426758,77.35301113128662,89.5475606918335,90.56803512573242,40.015191316604614,43.65852737426758,38.3384482599637,17.736909046236956,21.647294744000693,5085.526561737061,0.6620957773613829,252.3961639404297,306.09368896484375,53.69752502441406,21.275095541848327,0.2356039136648178,99.83235168457031,39.325950622558594
S_158,target_vs_pred,True,,125.0,45.0,169.0,0.0,255.0,45.0,169.0,36.347052368164064,42.49055388861688,35.33860778808594,56.85699462890625,69.47301483154297,70.7713851928711,26.22843212890625,27.35791778564453,33.42927635801909,14.198067331314087,16.597872612740968,4543.381546020508,0.48422647147938713,233.909912109375,306.09368896484375,72.18377685546875,30.859648572152018,0.15300224721431732,98.41297149658203,33.91642379760742
S_160,csv_vs_target,True,,134.0,14.0,151.0,18.0,203.0,18.0,151.0,26.099783171468705,29.17226109009179,27.902233123779297,34.20726013183594,47.363987159729,48.41990661621094,11.822458324147695,19.437904357910156,26.669276260938812,10.195227801354962,11.395414488317106,3497.3709449768066,0.56318983431999,222.42813110351562,247.89764404296875,25.469512939453125,11.45067074562382,0.12493005394935608,70.94223022460938,22.336076736450195
S_160,csv_vs_pred,True,,138.0,14.0,151.0,0.0,255.0,14.0,151.0,43.525570772696234,52.30009974381077,43.99734878540039,69.27750015258789,87.436936378479,88.90206146240234,40.38951290517613,43.99734878540039,33.226310064392734,17.002176083084468,20.429726462426082,6006.52876663208,-0.1397093488898782,222.42813110351562,305.8902893066406,83.462158203125,37.52320256673393,0.21070463955402374,104.03358459472656,39.89828109741211
S_160,target_vs_pred,True,,186.0,18.0,203.0,0.0,255.0,18.0,203.0,28.202518052952264,32.148457098125405,31.52631378173828,39.645029067993164,51.41793441772461,52.86225128173828,12.671610309231665,12.919628143310547,29.545787956339623,11.016608614434478,12.557991053955236,5245.668357849121,0.723380700418808,247.89764404296875,305.8902893066406,57.992645263671875,23.393786369054993,0.1331377774477005,69.17123413085938,26.689437866210938
S_161,csv_vs_target,True,,131.0,24.0,154.0,20.0,196.0,24.0,154.0,26.889488278454497,30.82765781127795,30.59442901611328,38.98435592651367,47.44651794433594,48.28932571411133,21.6935455089307,30.59442901611328,21.902843865151365,10.503706358771288,12.04205383253045,3522.522964477539,0.33198901679238113,190.41952514648438,209.46530151367188,19.0457763671875,10.002008119459346,0.12195728719234467,53.76591491699219,22.86862564086914
S_161,csv_vs_pred,True,,131.0,24.0,154.0,0.0,255.0,24.0,154.0,35.00515030722582,40.41856582655711,33.3963623046875,54.354915618896484,64.59142303466797,64.88943481445312,35.00515030722582,33.3963623046875,20.206432526407486,13.673886838760085,15.788502275998873,4585.674690246582,0.5706857873307535,190.41952514648438,286.67034912109375,96.25082397460938,50.54671987839044,0.17404745519161224,101.42794799804688,33.959869384765625
S_161,target_vs_pred,True,,177.0,20.0,196.0,0.0,255.0,20.0,196.0,16.84560058076503,19.49865030611619,16.659454345703125,25.34355926513672,32.83557434082031,35.47564697265625,4.75216834289206,9.250434875488281,18.910691679603357,6.58031272686134,7.616660275826637,2981.67130279541,0.10673408394989442,209.46530151367188,286.67034912109375,77.20504760742188,36.85815600284368,0.1261064112186432,63.79301071166992,17.957902908325195
S_162,csv_vs_target,True,,141.0,10.0,159.0,19.0,201.0,19.0,159.0,25.075671770893937,29.03355083560046,29.323822021484375,36.45709228515625,47.25149154663086,47.5373420715332,19.252432180634628,29.323822021484375,21.732255503133135,9.795184285505444,11.34123079515643,3535.669719696045,0.6168059184717221,235.79383850097656,227.60205078125,-8.191787719726562,-3.4741313731763275,0.1247408464550972,50.59081268310547,20.185514450073242
S_162,csv_vs_pred,True,,150.0,10.0,159.0,0.0,255.0,10.0,159.0,33.41984748840332,40.87473261000082,25.584148406982422,55.23251533508301,75.42773742675782,76.626953125,32.59640886942545,25.584148406982422,24.662074015708935,13.054627925157547,15.96669242578157,5012.977123260498,0.42882056682703634,235.79383850097656,320.3935241699219,84.59968566894531,35.87866680621812,0.17544543743133545,96.09574890136719,31.138931274414062
S_162,target_vs_pred,True,,183.0,19.0,201.0,0.0,255.0,19.0,201.0,17.507276066014025,20.018697023692873,17.459754943847656,26.407508850097656,30.937802124023438,32.24665069580078,6.547896046456092,11.556121826171875,18.91753916055718,6.838779713286729,7.819803524880029,3203.8315200805664,0.6092158458579627,227.60205078125,320.3935241699219,92.79147338867188,40.76917280230376,0.13146242499351501,63.02165222167969,17.914642333984375
S_163,csv_vs_target,True,,112.0,16.0,136.0,25.0,208.0,25.0,136.0,49.780487469264436,51.69729661896951,46.83906555175781,49.56283760070801,81.74430999755859,83.17813873291016,49.780487469264436,46.83906555175781,13.946811285455995,19.44550291768142,20.194256491784966,5575.414596557617,0.030517923694521734,149.649658203125,199.83206176757812,50.182403564453125,33.53325638270778,0.09606427699327469,86.36763000488281,51.1564826965332
S_163,csv_vs_pred,True,,121.0,16.0,136.0,0.0,255.0,16.0,136.0,36.84471294308497,38.61086830106433,40.399620056152344,42.45970916748047,53.966094970703125,63.3271484375,36.84471294308497,40.399620056152344,11.54410148533879,14.392465993392566,15.082370430103254,4458.210266113281,0.00718339965595008,149.649658203125,279.73675537109375,130.08709716796875,86.92776095933607,0.1320095956325531,135.19366455078125,46.84709167480469
S_163,target_vs_pred,True,,184.0,25.0,208.0,0.0,255.0,25.0,208.0,13.162539813829506,14.466182149312216,13.433116912841797,17.348827362060547,23.15029373168945,27.826812744140625,-10.745152971018916,-13.239425659179688,9.685665367257057,5.1416171147771506,5.650852402075084,2421.907325744629,0.423596344214917,199.83206176757812,279.73675537109375,79.90469360351562,39.98592262559602,0.09393030405044556,49.79818344116211,14.054494857788086
S_164,csv_vs_target,True,,165.0,7.0,176.0,12.0,226.0,12.0,176.0,24.33867915760387,28.474968654449302,20.919586181640625,34.27239227294922,51.86155471801757,53.14875793457031,17.4510417360248,20.843719482421875,22.500777368779747,9.507296545939012,11.12303463064426,4015.8820610046387,0.5357005518307475,261.91595458984375,261.37567138671875,-0.540283203125,-0.2062811347061491,0.15367628633975983,62.023590087890625,20.064990997314453
S_164,csv_vs_pred,True,,170.0,7.0,176.0,0.0,255.0,7.0,176.0,32.892840778126434,39.254355616538405,25.084075927734375,48.908806800842285,74.7305543899536,76.91199111938477,32.892840778126434,25.084075927734375,21.4234791855684,12.848765928955638,15.333732662710315,5591.782932281494,0.5729344640908062,261.91595458984375,302.707763671875,40.79180908203125,15.574388793669764,0.2052653431892395,80.03620147705078,27.64120101928711
S_164,target_vs_pred,True,,215.0,12.0,226.0,0.0,255.0,12.0,226.0,16.33779992391897,19.660695334228432,19.084915161132812,25.97793197631836,30.93483200073242,40.752685546875,9.156386619390444,8.760498046875,17.398377082406256,6.381953095280847,7.679959114932982,3512.626983642578,0.7167745496703345,261.37567138671875,302.707763671875,41.33209228515625,15.813289761931195,0.12089050561189651,37.556060791015625,13.986650466918945
S_165,csv_vs_target,True,,167.0,17.0,184.0,18.0,188.0,18.0,184.0,4.283653259277344,4.993346554659763,3.7306365966796875,6.674060821533203,8.567982482910155,8.764175415039062,1.375916486728691,2.4330291748046875,4.800037878650617,1.6733020544052124,1.95052599791397,715.3700942993164,0.9417271478912213,196.22555541992188,182.78353881835938,-13.4420166015625,-6.850288471403029,0.08991095423698425,8.714381217956543,3.9511756896972656
S_165,csv_vs_pred,True,,168.0,17.0,184.0,0.0,255.0,17.0,184.0,12.182246662321544,15.090612931645877,10.835098266601562,17.746854782104492,30.20754051208496,32.15888214111328,-10.142552103315081,-10.835098266601562,11.17386394602586,4.7586901024693535,5.89477067642417,2046.6174392700195,-0.38432685683911894,196.22555541992188,259.4284973144531,63.20294189453125,32.209332650916075,0.10344269126653671,71.07090759277344,15.095098495483398
S_165,target_vs_pred,True,,171.0,18.0,188.0,0.0,255.0,18.0,188.0,11.215422290110448,13.384751617911384,11.248886108398438,17.92285919189453,22.58849334716797,23.433563232421875,-11.215422290110448,-11.248886108398438,7.305195324402704,4.381024332074394,5.228418600746634,1917.8372116088867,-0.22472555708490777,182.78353881835938,259.4284973144531,76.64495849609375,41.932090267749025,0.03721955418586731,67.3170166015625,14.298078536987305
S_166,csv_vs_target,True,,129.0,23.0,159.0,31.0,221.0,31.0,159.0,33.912353811337965,41.72196536346457,34.497589111328125,56.33868408203125,69.82322616577149,71.12579345703125,33.84553285347399,34.497589111328125,24.39676822151963,13.247013207553893,16.297642720103347,4374.693641662598,0.040847327835879056,200.80642700195312,233.80194091796875,32.995513916015625,16.431502919003456,0.11271101236343384,72.26598358154297,30.775074005126953
S_166,csv_vs_pred,True,,137.0,23.0,159.0,0.0,255.0,23.0,159.0,40.72566724345632,46.98912226740818,38.96184539794922,59.82903289794922,80.13609161376954,82.0005111694336,40.60758560069286,38.96184539794922,23.643214737929295,15.908463766975126,18.355125885706318,5579.416412353516,-0.4144831529829884,200.80642700195312,301.8362731933594,101.02984619140625,50.31205808238019,0.15960682928562164,103.88353729248047,38.25630187988281
S_166,target_vs_pred,True,,191.0,31.0,221.0,0.0,255.0,31.0,221.0,11.155498284944064,14.068719198621132,8.037406921386719,16.72368621826172,29.45981216430664,30.21178436279297,3.6806405352048226,2.9450225830078125,13.5787239879253,4.357616517556275,5.4955934369613795,2130.7001724243164,0.5926293617982967,233.80194091796875,301.8362731933594,68.03433227539062,29.099130659634298,0.13612467050552368,37.77531814575195,10.59106159210205
S_167,csv_vs_target,True,,134.0,38.0,173.0,40.0,174.0,40.0,173.0,4.456758926163858,5.780674017455349,3.3622360229492188,6.842144012451172,12.106863021850586,12.592010498046875,1.6050560225301713,-0.09894561767578125,5.553376203772169,1.7409214555327572,2.2580757880684956,597.205696105957,0.9736199774663483,187.779052734375,166.89730834960938,-20.881744384765625,-11.120380084775535,0.11676868051290512,11.222636222839355,3.5427608489990234
S_167,csv_vs_pred,True,,136.0,38.0,173.0,0.0,255.0,38.0,173.0,18.065714050741757,20.9641658940844,15.197002410888672,30.054153442382812,33.79498481750488,34.79954528808594,6.320121709038229,3.5817718505859375,19.988804697070687,7.056919551070999,8.189127302376718,2456.937110900879,0.06228904266978878,187.779052734375,279.4407043457031,91.66165161132812,48.813565875267145,0.1623329073190689,86.6116714477539,22.51546859741211
S_167,target_vs_pred,True,,135.0,40.0,174.0,0.0,255.0,40.0,174.0,15.453630348488137,17.648838399512815,14.567184448242188,22.042274475097656,28.56511001586914,30.472549438476562,4.7144003408926505,7.660804748535156,17.00752557775261,6.036574354878178,6.894077499809693,2086.2400970458984,-0.10680608909524689,166.89730834960938,279.4407043457031,112.54339599609375,67.43272081632338,0.09836294502019882,86.18455505371094,21.28144073486328
S_168,csv_vs_target,True,,132.0,43.0,181.0,50.0,186.0,50.0,181.0,8.108741702455463,11.426969969907288,5.079193115234375,11.81233024597168,24.789403915405273,25.728485107421875,3.934586438265714,-0.372589111328125,10.72821850322683,3.1674772275216654,4.463660144495035,1070.353904724121,0.9219668234078917,199.36477661132812,153.12191772460938,-46.24285888671875,-23.195099791650794,0.1047096848487854,25.415361404418945,6.139494895935059
S_168,csv_vs_pred,True,,139.0,43.0,181.0,0.0,255.0,43.0,181.0,24.668341767016074,27.75893644279498,27.267440795898438,34.67995071411133,41.347860717773436,42.00811767578125,-21.03086896937528,-27.267440795898438,18.117977338215734,9.636071002740653,10.843334547966789,3428.8995056152344,0.5075475991621867,199.36477661132812,282.03533935546875,82.67056274414062,41.46698536480415,0.12859787046909332,77.18379211425781,28.656829833984375
S_168,target_vs_pred,True,,137.0,50.0,186.0,0.0,255.0,50.0,186.0,24.157706657465358,25.648686344213594,26.069488525390625,28.158065795898438,39.39039916992188,40.69378662109375,-24.157706657465358,-26.069488525390625,8.617442789813163,9.436604163072406,10.019018103208435,3309.605812072754,0.625219586563254,153.12191772460938,282.03533935546875,128.91342163085938,84.19005165171185,0.07466284185647964,75.92117309570312,29.650209426879883
S_169,csv_vs_target,True,,189.0,2.0,194.0,6.0,199.0,6.0,194.0,10.281301952543712,12.176230224664689,9.32421875,16.236373901367188,21.984310913085935,25.354888916015625,2.454505678207155,3.46868896484375,11.926272861195434,4.016133575212388,4.756339931509644,1943.1660690307617,0.9677163190315758,388.47955322265625,274.9404296875,-113.53912353515625,-29.226537816562736,0.2739238142967224,21.108016967773438,6.614139080047607
S_169,csv_vs_pred,True,,193.0,2.0,194.0,0.0,255.0,2.0,194.0,26.86183775274247,32.12100361528295,26.338157653808594,35.81914520263672,59.89981689453124,68.57606506347656,-7.124899908668636,-7.36529541015625,31.320834512261545,10.492905372165028,12.547267037219903,5184.334686279297,0.7596523336061638,388.47955322265625,308.05224609375,-80.42730712890625,-20.703099161756704,0.33220604062080383,69.86318969726562,21.557098388671875
S_169,target_vs_pred,True,,194.0,6.0,199.0,0.0,255.0,6.0,199.0,20.807410132024707,24.82538851463338,19.366172790527344,30.445545196533203,45.26914596557617,48.357391357421875,-9.509853127076454,-10.781524658203125,22.931694407608113,8.127894582822151,9.697417388528665,4036.637565612793,0.8038063038612542,274.9404296875,308.05224609375,33.11181640625,12.043269315713548,0.14973099529743195,64.74854278564453,19.570518493652344
S_170,csv_vs_target,True,,122.0,13.0,144.0,23.0,194.0,23.0,144.0,24.85229651654353,29.211430522160295,28.959095001220703,37.13026809692383,47.21699104309082,48.11894989013672,21.6965690675329,28.959095001220703,19.55930887962999,9.707928326774816,11.410715047718865,3031.9801750183105,0.07837104071514633,182.99954223632812,198.63430786132812,15.634765625,8.543609144089928,0.13785800337791443,62.502540588378906,23.23213768005371
S_170,csv_vs_pred,True,,132.0,13.0,144.0,0.0,255.0,13.0,144.0,38.59853915012244,43.27914162150648,39.947845458984375,55.92948532104492,65.50329475402832,66.94829559326172,38.59853915012244,39.947845458984375,19.57643672814029,15.077554355516579,16.905914695900968,5095.007167816162,-0.21743787929707317,182.99954223632812,284.04241943359375,101.04287719726562,55.21482510664206,0.18750910460948944,113.63484191894531,39.84846496582031
S_170,target_vs_pred,True,,172.0,23.0,194.0,0.0,255.0,23.0,194.0,14.926351813382881,16.2319207602694,14.344406127929688,18.834213256835938,27.109342575073235,29.113746643066406,11.423069399456645,14.344406127929688,11.532074274078447,5.8306061771026885,6.340594046980234,2567.3325119018555,0.7779420248980706,198.63430786132812,284.04241943359375,85.40811157226562,42.997663640055336,0.08375656604766846,62.4067268371582,15.667594909667969
S_171,csv_vs_target,True,,174.0,7.0,188.0,15.0,240.0,15.0,188.0,26.681690808000237,30.08372199738164,26.682424545288086,36.55186080932617,46.49050407409668,46.935733795166016,14.89240802019492,26.650278091430664,26.13898453604841,10.422535471875092,11.751453905227203,4642.614200592041,0.530125561448176,250.78134155273438,285.60699462890625,34.825653076171875,13.886859707806467,0.12010962516069412,64.78412628173828,22.691356658935547
S_171,csv_vs_pred,True,,182.0,7.0,188.0,0.0,255.0,7.0,188.0,33.4971727853293,40.30771289082143,27.27483367919922,58.41991901397705,68.17306385040283,69.00875854492188,30.162122055724428,27.27483367919922,26.738700633809305,13.084833119269257,15.74520034797712,6096.485446929932,0.7328865220035661,250.78134155273438,294.9732360839844,44.19189453125,17.621683597300297,0.11890259385108948,68.19428253173828,29.601816177368164
S_171,target_vs_pred,True,,226.0,15.0,240.0,0.0,255.0,15.0,240.0,24.66586084281449,28.59589767388608,25.689857482910156,37.36540603637695,46.36616897583008,51.74413299560547,3.373857717598434,4.545940399169922,28.39616959867589,9.63510189172441,11.17027252886175,5574.484550476074,0.5576937145325379,285.60699462890625,294.9732360839844,9.366241455078125,3.279415991516556,0.07691508531570435,53.492027282714844,20.95447540283203
S_172,csv_vs_target,True,,141.0,34.0,178.0,38.0,215.0,38.0,178.0,24.798926603709553,28.630057308355102,30.42315673828125,36.67603302001953,42.61449432373047,43.557037353515625,24.798926603709553,30.42315673828125,14.307110846831518,9.687080704574043,11.183616136076212,3496.648651123047,0.30875170704795263,195.3258819580078,193.53292846679688,-1.7929534912109375,-0.9179292949536524,0.13222788274288177,48.612831115722656,22.87462615966797
S_172,csv_vs_pred,True,,145.0,34.0,178.0,0.0,255.0,34.0,178.0,14.868873543574892,19.25032795510559,11.164108276367188,26.22784423828125,35.59209594726562,36.638031005859375,11.93927212419181,9.036918640136719,15.100626063962252,5.808153727958942,7.519659357463121,2155.9866638183594,0.055021192166277794,195.3258819580078,322.04815673828125,126.72227478027344,64.8773595713389,0.2216303050518036,78.16388702392578,17.190298080444336
S_172,target_vs_pred,True,,178.0,38.0,215.0,0.0,255.0,38.0,215.0,13.219498109281734,17.84942287089454,8.106857299804688,23.615985870361328,36.2357780456543,36.54253387451172,-12.986305236816406,-8.106857299804688,12.24572468742654,5.163866448938177,6.972430808943179,2353.0706634521484,0.04329583716102244,193.53292846679688,322.04815673828125,128.51522827148438,66.4048383305957,0.18689939379692078,57.175682067871094,14.552289962768555
S_173,csv_vs_target,True,,114.0,28.0,165.0,52.0,196.0,52.0,165.0,24.275319685015763,30.0862080975224,18.311370849609375,41.532039642333984,54.06953315734863,55.025352478027344,16.253204613401177,12.684139251708984,25.3182396205253,9.482546751959282,11.752425038094689,2767.386444091797,0.6736496583020798,282.866943359375,187.25830078125,-95.608642578125,-33.799864147885515,0.23188932240009308,55.92843246459961,18.601245880126953
S_173,csv_vs_pred,True,,138.0,28.0,165.0,0.0,255.0,28.0,165.0,32.559173031129696,36.68565171798197,29.964855194091797,47.678070068359375,57.887629699707034,59.15185546875,22.994133659031082,29.964855194091797,28.585081060645727,12.718426965285037,14.330332702336706,4493.165878295898,0.62042271706594,282.866943359375,291.56573486328125,8.69879150390625,3.0752237784629157,0.23550298810005188,97.97319793701172,30.95319175720215
S_173,target_vs_pred,True,,145.0,52.0,196.0,0.0,255.0,52.0,196.0,14.446165466308594,18.91033972109277,11.402748107910156,25.488922119140625,35.65904846191406,37.48658752441406,6.156194700043777,3.0521087646484375,17.880218544030495,5.643033385276794,7.386851453551864,2094.693992614746,0.30856559023598223,187.25830078125,291.56573486328125,104.30743408203125,55.702435428114924,0.1339627206325531,59.511959075927734,16.61823272705078
S_174,csv_vs_target,True,,135.0,11.0,172.0,38.0,188.0,38.0,172.0,17.456362152099608,21.64024595832192,15.465766906738281,21.225854873657227,43.85639343261719,46.67885971069336,5.785418785942925,1.3294486999511719,20.852557987161354,6.818891465663909,8.4532210774695,2356.6088905334473,0.8492041471565789,305.0505676269531,230.01318359375,-75.03738403320312,-24.598342699203442,0.2617427706718445,37.38578796386719,11.285771369934082
S_174,csv_vs_pred,True,,162.0,11.0,172.0,0.0,255.0,11.0,172.0,30.183128239196023,39.30263368857312,22.091205596923828,54.85282039642334,73.69085006713867,76.92933654785156,28.214225745495455,22.091205596923828,27.36155113366901,11.790284468435946,15.352591284598875,4889.666774749756,0.8048890007648417,305.0505676269531,339.6049499511719,34.55438232421875,11.327427643190823,0.3113079071044922,86.57096862792969,25.527679443359375
S_174,target_vs_pred,True,,151.0,38.0,188.0,0.0,255.0,38.0,188.0,28.374434111134107,31.65619830590849,27.130706787109375,35.782081604003906,53.43021583557129,57.04664611816406,20.232788288040666,22.229225158691406,24.346440587369813,11.08376332466176,12.365702463245503,4284.53955078125,0.8564835639933477,230.01318359375,339.6049499511719,109.59176635742188,47.64586300679991,0.1757132112979889,88.23348999023438,28.228891372680664
S_175,csv_vs_target,True,,146.0,10.0,158.0,13.0,171.0,13.0,158.0,8.956047319386103,10.39914716959304,10.19842529296875,12.91489028930664,16.65778160095215,17.314781188964844,8.905863461429126,10.19842529296875,5.36915802163026,3.4984559841351968,4.062166863122281,1307.582908630371,0.9408548799127342,177.2132110595703,178.3278045654297,1.114593505859375,0.6289562155847445,0.07532339543104172,17.266151428222656,8.407356262207031
S_175,csv_vs_pred,True,,149.0,10.0,158.0,0.0,255.0,10.0,158.0,11.51805596063601,13.877639155089755,13.72515869140625,16.63623046875,23.765284729003906,24.839988708496094,4.540398821734742,2.0989303588867188,13.113872313640625,4.499240609623442,5.420952794956936,1716.1903381347656,0.8061985227397408,177.2132110595703,270.160888671875,92.94767761230469,52.44963231088641,0.09737309068441391,101.02880096435547,18.71276092529297
S_175,target_vs_pred,True,,159.0,13.0,171.0,0.0,255.0,13.0,171.0,11.344609818368587,13.96966799762727,8.086639404296875,14.112674713134766,27.04119873046875,27.371353149414062,-6.077471127300142,-4.909393310546875,12.578392928381776,4.4314882103002295,5.456901561573153,1803.7929611206055,0.7120393553156974,178.3278045654297,270.160888671875,91.83308410644531,51.49678387231052,0.054705217480659485,92.87010192871094,18.353927612304688
S_176,csv_vs_target,True,,166.0,12.0,181.0,16.0,240.0,16.0,181.0,33.10387416058276,36.63113780255277,31.025531768798828,36.37667655944824,73.53973579406738,76.87651062011719,33.10387416058276,31.025531768798828,15.683551009574067,12.931200843977642,14.309038204122176,5495.243110656738,0.090499428602919,209.76295471191406,238.72698974609375,28.964035034179688,13.807983908587552,0.100405752658844,72.94622039794922,33.90316390991211
S_176,csv_vs_pred,True,,170.0,12.0,181.0,0.0,255.0,12.0,181.0,35.40380320829504,38.14562289590029,38.93580627441406,45.377485275268555,54.78480987548826,57.99534606933594,35.27151049445657,38.93580627441406,14.526152056056425,13.82961062824025,14.90063394371105,6018.646545410156,-0.08417866993968327,209.76295471191406,299.87249755859375,90.10954284667969,42.95779632115655,0.135279580950737,105.92501068115234,36.962379455566406
S_176,target_vs_pred,True,,225.0,16.0,240.0,0.0,255.0,16.0,240.0,9.431187540690104,10.660117680274874,10.300811767578125,12.083641052246094,17.257092285156244,20.779541015625,1.7056245930989584,5.4464111328125,10.522782602749377,3.684057633082072,4.164108468857373,2122.0171966552734,0.2876660261085587,238.72698974609375,299.87249755859375,61.1455078125,25.613152444544323,0.10274569690227509,36.84800338745117,9.329797744750977
S_178,csv_vs_target,True,,120.0,54.0,239.0,53.0,173.0,54.0,173.0,69.21409899393717,79.62683776529052,72.0540542602539,108.3683967590332,122.38305969238282,123.45365905761719,-69.21409899393717,-72.0540542602539,39.368030087335605,27.036757419506706,31.10423350206661,8305.691879272461,0.07749869398929457,288.8649597167969,148.03204345703125,-140.83291625976562,-48.753893997029884,0.1284608542919159,101.71426391601562,53.04704284667969
S_178,csv_vs_pred,True,,186.0,54.0,239.0,0.0,255.0,54.0,239.0,86.57213699176748,93.03065876766794,82.17665100097656,126.6389389038086,130.24798583984375,132.33502197265625,-86.57213699176748,-82.17665100097656,34.058311282635835,33.81724101240917,36.34010108112029,16102.41748046875,-0.05878616460187112,288.8649597167969,269.41729736328125,-19.447662353515625,-6.732440781986456,0.17824280261993408,127.47712707519531,70.21157836914062
S_178,target_vs_pred,True,,121.0,53.0,173.0,0.0,255.0,53.0,173.0,24.577902423448798,29.23073035526316,20.737274169921875,37.948577880859375,50.09754180908203,50.723045349121094,-24.577902423448798,-20.737274169921875,15.82284138723297,9.600743134159687,11.418254045024671,2973.9261932373047,-0.705095862655507,148.03204345703125,269.41729736328125,121.38525390625,81.99930978679231,0.10763248801231384,82.19700622558594,25.643306732177734
S_179,csv_vs_target,True,,146.0,38.0,187.0,42.0,191.0,42.0,187.0,5.589580535888672,6.9526990727139815,5.061756134033203,9.565874099731445,12.260536193847656,13.290786743164062,1.69093003991532,1.1908187866210938,6.743943949635838,2.1834298968315125,2.715898075278899,816.0787582397461,0.8698373597519745,202.13729858398438,162.71275329589844,-39.42454528808594,-19.503844942181896,0.1305163949728012,13.233566284179688,4.705913543701172
S_179,csv_vs_pred,True,,150.0,38.0,187.0,0.0,255.0,38.0,187.0,22.011653696695962,25.296986519853647,17.54141616821289,27.709003448486328,47.59940490722656,49.62462615966797,22.011653696695962,17.54141616821289,12.466941426123254,8.59830222527186,9.88163535931783,3301.7480545043945,-0.29596961095485563,202.13729858398438,265.2000427246094,63.062744140625,31.19797512842677,0.13877329230308533,68.18241882324219,22.687076568603516
S_179,target_vs_pred,True,,150.0,42.0,191.0,0.0,255.0,42.0,191.0,19.95294270833333,21.473562961297105,17.163375854492188,25.085037231445312,35.75477333068847,36.35619354248047,19.95294270833333,17.163375854492188,7.936874922207009,7.794118245442708,8.388110531756682,2992.94140625,-0.09559468137241608,162.71275329589844,265.2000427246094,102.48728942871094,62.98663586377633,0.06522520631551743,64.59629821777344,21.98069190979004
S_180,csv_vs_target,True,,153.0,11.0,173.0,21.0,224.0,21.0,173.0,25.9180528977338,28.00743635572234,26.71172332763672,32.05714416503906,41.888021850585936,42.47838592529297,16.202258116279552,26.318252563476562,22.84520350430897,10.124239413177266,10.940404826454039,3965.4620933532715,0.3485507668882781,243.03427124023438,239.24993896484375,-3.784332275390625,-1.5571187783200249,0.11621776968240738,64.2445297241211,22.900739669799805
S_180,csv_vs_pred,True,,163.0,11.0,173.0,0.0,255.0,11.0,173.0,41.101077658998456,46.379227713083985,35.36394500732422,60.211137771606445,74.91830749511719,75.3105697631836,40.96834426130985,35.36394500732422,21.739998430287372,16.055108460546272,18.11688582542343,6699.475658416748,0.22487134027413755,243.03427124023438,300.32855224609375,57.294281005859375,23.57456860348214,0.15563011169433594,91.09909057617188,37.740936279296875
S_180,target_vs_pred,True,,204.0,21.0,224.0,0.0,255.0,21.0,224.0,23.424775217093675,27.996147040485344,25.147174835205078,37.04234313964844,45.653975296020505,48.59913635253906,23.265434863520603,25.147174835205078,15.572533182618566,9.150302819177217,10.935994937689587,4778.654144287109,0.6163520707798693,239.24993896484375,300.32855224609375,61.07861328125,25.529207465199057,0.11277801543474197,37.94264602661133,18.36255645751953
S_181,csv_vs_target,True,,126.0,46.0,172.0,47.0,179.0,47.0,172.0,6.839947533985925,8.432790678030306,6.282917022705078,10.724963188171387,15.870070457458496,16.967124938964844,1.4189703805106026,-1.1514434814453125,8.312549649698848,2.671854505463252,3.2940588586055886,861.8333892822266,0.9869344086532025,247.61422729492188,215.96551513671875,-31.648712158203125,-12.781459491513651,0.16870571672916412,14.58604907989502,4.487001419067383
S_181,csv_vs_pred,True,,127.0,46.0,172.0,0.0,255.0,46.0,172.0,31.945542763537308,40.41165442166287,23.193359375,58.48578643798828,70.08792648315429,70.65692138671875,25.810627073753537,23.193359375,31.095230231588975,12.478727642006762,15.785802508462057,4057.0839309692383,0.8267166087221437,247.61422729492188,275.98748779296875,28.373260498046875,11.45865518587788,0.17842592298984528,84.37203979492188,29.191328048706055
S_181,target_vs_pred,True,,133.0,47.0,179.0,0.0,255.0,47.0,179.0,28.036951681725064,34.21104522547619,24.48912811279297,48.03633117675781,56.191165161132815,56.572265625,22.182846470883018,23.006919860839844,26.04451838427445,10.951934250673853,13.363689541201637,3728.9145736694336,0.8080179128991614,215.96551513671875,275.98748779296875,60.02197265625,27.792387416793535,0.06584206223487854,79.55182647705078,27.311214447021484
S_182,csv_vs_target,True,,154.0,11.0,173.0,20.0,197.0,20.0,173.0,23.003773082386363,27.850179705435185,19.173328399658203,27.080062866210938,55.00177764892578,57.380126953125,23.003773082386363,19.173328399658203,15.699010592999496,8.985848860307174,10.878976447435619,3542.5810546875,0.7006477247243755,246.36233520507812,221.6641845703125,-24.698150634765625,-10.025132540330793,0.1982099413871765,32.246437072753906,16.983192443847656
S_182,csv_vs_pred,True,,163.0,11.0,173.0,0.0,255.0,11.0,173.0,19.193475032876606,22.5884915750607,15.16595458984375,28.925308227539062,40.41917877197266,41.911354064941406,-0.9852351557257717,9.814895629882812,22.566994999877817,7.497451184717424,8.823629521508087,3128.5364303588867,-0.29435117903849645,246.36233520507812,270.973388671875,24.611053466796875,9.989779259605996,0.21620236337184906,87.87840270996094,22.471656799316406
S_182,target_vs_pred,True,,178.0,20.0,197.0,0.0,255.0,20.0,197.0,22.928683420245566,29.46641512515441,15.176956176757812,43.09271812438965,53.87755241394043,54.540733337402344,-20.95649479212386,-14.879554748535156,20.714607077026926,8.956516961033424,11.51031840826344,4081.305648803711,-0.6568923598698428,221.6641845703125,270.973388671875,49.3092041015625,22.2450028158234,0.06788010895252228,60.00651168823242,21.748348236083984
S_183,csv_vs_target,True,,101.0,34.0,158.0,58.0,159.0,58.0,158.0,9.491209502267365,10.87304429670043,9.99310302734375,12.93304443359375,17.280349731445312,17.89905548095703,2.3586902429561802,3.3897628784179688,10.614126088180463,3.7075037118231893,4.247282928398605,958.6121597290039,0.9276712900803813,211.84375,149.19570922851562,-62.648040771484375,-29.572758586706993,0.14536423981189728,25.073057174682617,8.022396087646484
S_183,csv_vs_pred,True,,125.0,34.0,158.0,0.0,255.0,34.0,158.0,25.869540588378907,32.38954108773766,17.168739318847656,42.640907287597656,61.55324554443359,64.14828491210938,23.519457946777344,17.168739318847656,22.269204515743674,10.105289292335511,12.652164487397524,3233.6925735473633,0.5698428998403008,211.84375,289.1731872558594,77.32943725585938,36.503053430752175,0.15690763294696808,98.84490966796875,28.209428787231445
S_183,target_vs_pred,True,,102.0,58.0,159.0,0.0,255.0,58.0,159.0,27.84786673153148,30.096959957241804,30.21511459350586,36.23324394226074,45.338841247558584,46.511314392089844,24.159725114411,30.21511459350586,17.94811079372743,10.878072942004485,11.756624983297579,2840.482406616211,0.3734651074123116,149.19570922851562,289.1731872558594,139.97747802734375,93.82138316294679,0.11150193959474564,99.36715698242188,32.554439544677734
S_184,csv_vs_target,True,,97.0,34.0,142.0,46.0,189.0,46.0,142.0,31.58278939158646,34.74468022820155,35.24571990966797,44.381935119628906,50.05466156005859,50.64202117919922,31.58278939158646,35.24571990966797,14.48172014667711,12.33702710608846,13.57214071414123,3063.5305709838867,0.021019543472557523,139.46469116210938,153.59396362304688,14.1292724609375,10.131074999837034,0.10674938559532166,58.94141387939453,29.53009796142578
S_184,csv_vs_pred,True,,109.0,34.0,142.0,0.0,255.0,34.0,142.0,18.634838349228605,22.967873745735503,14.997085571289062,28.94849395751953,42.911825561523436,43.87205505371094,18.634838349228605,14.997085571289062,13.426318337435807,7.279233730167424,8.97182568192793,2031.197380065918,-0.624862774891179,139.46469116210938,267.9770812988281,128.51239013671875,92.14690044960935,0.11394215375185013,113.08226013183594,25.783931732177734
S_184,target_vs_pred,True,,144.0,46.0,189.0,0.0,255.0,46.0,189.0,15.979892995622423,18.13942317799746,18.04384994506836,21.936298370361328,27.51875457763672,27.881515502929688,-15.979892995622423,-18.04384994506836,8.58380411466437,6.2421457014150095,7.085712178905259,2301.104591369629,0.2063874157697737,153.59396362304688,267.9770812988281,114.38311767578125,74.4711022296783,0.04001731425523758,73.02679443359375,21.770788192749023
S_185,csv_vs_target,True,,124.0,40.0,164.0,41.0,172.0,41.0,164.0,6.581104278564453,8.051711495436688,5.3863677978515625,9.371747970581055,15.807707214355467,16.78362274169922,2.7008946326471146,3.15673828125,7.585197834538354,2.5707438588142395,3.145199802904956,816.0569305419922,0.9050980487583937,175.67898559570312,158.18310546875,-17.495880126953125,-9.959005664013322,0.09049288183450699,15.431879043579102,5.122316360473633
S_185,csv_vs_pred,True,,125.0,40.0,164.0,0.0,255.0,40.0,164.0,14.696263305664063,20.47316837810408,7.8648529052734375,24.180740356445312,42.74227294921875,43.91749572753906,13.369583374023437,7.8648529052734375,15.5049948030703,5.740727853775025,7.9973313976969065,1837.0329132080078,0.5879364481477284,175.67898559570312,264.0911560058594,88.41217041015625,50.325979573100454,0.12509161233901978,91.5040054321289,19.32300567626953
S_185,target_vs_pred,True,,132.0,41.0,172.0,0.0,255.0,41.0,172.0,12.303726543079723,15.677436798494549,10.23952865600586,22.01810646057129,27.851321411132812,28.305130004882812,9.416879711729107,6.444938659667969,12.534129449850745,4.806143180890516,6.123998749411933,1624.0919036865234,0.44158479022193925,158.18310546875,264.0911560058594,105.90805053710938,66.9528204144006,0.06548307836055756,84.83639526367188,17.57621192932129
S_186,csv_vs_target,True,,137.0,42.0,179.0,43.0,187.0,43.0,179.0,7.173059839401802,8.644650954588245,5.295768737792969,10.212234497070312,15.908851623535156,16.123779296875,4.82722651349367,4.564552307128906,7.171323051856414,2.8019764997663286,3.3768167791360333,982.7091979980469,0.9722539986388385,191.50131225585938,170.46371459960938,-21.03759765625,-10.985615402490668,0.08162873238325119,15.946086883544922,5.698284149169922
S_186,csv_vs_pred,True,,138.0,42.0,179.0,0.0,255.0,42.0,179.0,32.91217455656632,37.35340653136004,27.506725311279297,49.771759033203125,62.54874439239502,63.280738830566406,32.91217455656632,27.506725311279297,17.665382686348995,12.856318186158719,14.591174426312515,4541.880088806152,0.8455919479255636,191.50131225585938,267.4005432128906,75.89923095703125,39.63379156987765,0.09458424150943756,76.05180358886719,30.992507934570312
S_186,target_vs_pred,True,,145.0,43.0,187.0,0.0,255.0,43.0,187.0,26.98502907588564,29.761290109135114,25.32696533203125,38.537147521972656,46.48501434326172,47.342254638671875,26.98502907588564,25.32696533203125,12.551597298101546,10.541026982767828,11.625503948880905,3912.829216003418,0.8653362299680173,170.46371459960938,267.4005432128906,96.93682861328125,56.866547133085135,0.048005200922489166,68.01448822021484,26.97226333618164
S_187,csv_vs_target,True,,116.0,2.0,134.0,19.0,167.0,19.0,134.0,24.95274622686978,26.454351746337476,26.392154693603516,32.99666786193848,36.99995231628418,37.28691101074219,24.95274622686978,26.392154693603516,8.785965061186198,9.747166494871008,10.333731150913076,2894.5185623168945,0.6937362345889028,147.69497680664062,154.6240234375,6.929046630859375,4.691457204710219,0.0623042993247509,46.34754180908203,24.667774200439453
S_187,csv_vs_pred,True,,133.0,2.0,134.0,0.0,255.0,2.0,134.0,38.05062585127981,39.22512638788005,34.33361053466797,47.675537109375,52.129896545410155,52.49915313720703,38.05062585127981,34.33361053466797,9.526825938951571,14.863525723156176,15.322314995265646,5060.733238220215,0.5719578150632382,147.69497680664062,271.7535400390625,124.05856323242188,83.9964675213276,0.09937082976102829,122.61865997314453,42.61132049560547
S_187,target_vs_pred,True,,149.0,19.0,167.0,0.0,255.0,19.0,167.0,12.976053378726013,13.639627196291174,14.3328857421875,16.292823791503906,17.730499267578125,18.926414489746094,8.106943271304138,14.3328857421875,10.968906091751464,5.068770851064849,5.32797937355124,1933.4319534301758,0.0728633036036363,154.6240234375,271.7535400390625,117.1295166015625,75.75117629850827,0.07333210110664368,88.90967559814453,18.402633666992188
S_188,csv_vs_target,True,,129.0,22.0,154.0,23.0,151.0,23.0,151.0,5.899967518887778,7.046761539997487,5.4237213134765625,7.9801483154296875,13.789604187011717,14.8861083984375,-2.394232461618823,-2.7601852416992188,6.627556044374006,2.3046748120655383,2.752641226561518,761.0958099365234,0.9543190819847839,182.49734497070312,151.28909301757812,-31.208251953125,-17.100660810394196,0.11443803459405899,11.567331314086914,4.6452717781066895
S_188,csv_vs_pred,True,,133.0,22.0,154.0,0.0,255.0,22.0,154.0,19.00128518011337,24.64460789940864,9.412872314453125,34.44731140136719,48.15616302490234,48.90508270263672,15.125731504053102,8.403709411621094,19.456848279793164,7.422377023481785,9.6267999607065,2527.170928955078,-0.3856882546070446,182.49734497070312,271.8719482421875,89.37460327148438,48.973097817359836,0.1514521837234497,101.2684326171875,22.572458267211914
S_188,target_vs_pred,True,,129.0,23.0,151.0,0.0,255.0,23.0,151.0,18.872951004856315,23.489252833757767,14.883934020996094,31.274749755859375,41.21676177978516,42.309226989746094,18.083342382150104,14.883934020996094,14.991255016779986,7.372246486271998,9.175489388186628,2434.610679626465,-0.4506986464738508,151.28909301757812,271.8719482421875,120.58285522460938,79.70360110667635,0.08231455832719803,104.08246612548828,23.535438537597656
S_189,csv_vs_target,True,,138.0,52.0,190.0,53.0,195.0,53.0,190.0,11.004182345625283,14.159237919653213,7.846897125244141,17.420318603515625,27.30962181091309,29.119850158691406,5.842477217964504,2.7707138061523438,12.897653989114113,4.298508728759876,5.530952312364536,1518.577163696289,0.9680940894259094,277.0907287597656,217.00462341308594,-60.08610534667969,-21.684632182914054,0.18929705023765564,27.591718673706055,6.857755661010742
S_189,csv_vs_pred,True,,139.0,52.0,190.0,0.0,255.0,52.0,190.0,31.184535952780745,35.394421271857254,29.974632263183594,46.57765579223633,56.53138427734375,60.52569580078125,0.5620863660633992,-10.505538940429688,35.38995784239912,12.181459356554978,13.82594580931924,4334.650497436523,0.176777862356906,277.0907287597656,301.04913330078125,23.958404541015625,8.646411465077431,0.2078806310892105,86.65641784667969,30.764551162719727
S_189,target_vs_pred,True,,143.0,53.0,195.0,0.0,255.0,53.0,195.0,23.857196087603803,27.625506544798505,22.676513671875,28.867046356201172,53.97868957519532,59.58332824707031,-7.016097702346482,-10.106735229492188,26.719711542002724,9.319217221720235,10.791213494061916,3411.5790405273438,0.11101229418274959,217.00462341308594,301.04913330078125,84.04450988769531,38.72936371675216,0.11409655213356018,85.08869171142578,27.506803512573242
S_190,csv_vs_target,True,,134.0,70.0,209.0,72.0,205.0,72.0,205.0,5.063419740591476,6.216685650793199,4.236358642578125,6.991950988769531,11.496819686889648,12.473377227783203,2.4169456140318912,1.5821914672851562,5.727613323155645,1.9778983361685452,2.4283928323410935,678.4982452392578,0.9839092663235524,219.03622436523438,177.9053955078125,-41.130828857421875,-18.77809434249561,0.12541431188583374,11.62630558013916,4.05023193359375
S_190,csv_vs_pred,True,,140.0,70.0,209.0,0.0,255.0,70.0,209.0,48.80699620928083,54.632440500128745,40.889625549316406,74.22340393066406,86.72994728088378,87.81047058105469,48.80699620928083,40.889625549316406,24.54751873463699,19.065232894250325,21.34079707036279,6832.979469299316,-0.1926049442577638,219.03622436523438,270.58026123046875,51.544036865234375,23.532197476584276,0.14970926940441132,82.7127456665039,42.049827575683594
S_190,target_vs_pred,True,,134.0,72.0,205.0,0.0,255.0,72.0,205.0,47.4733335011041,51.626703269885496,45.67348861694336,69.05713081359863,76.16825466156006,76.98920440673828,47.4733335011041,45.67348861694336,20.28790518535003,18.54427089886879,20.16668096479902,6361.426689147949,-0.19968875066606015,177.9053955078125,270.58026123046875,92.67486572265625,52.09221758166257,0.08899485319852829,81.4028091430664,41.86143493652344
S_191,csv_vs_target,True,,186.0,2.0,192.0,7.0,194.0,7.0,192.0,4.690370826311009,6.332468819348658,2.8027877807617188,8.974332809448242,11.96622085571289,12.666839599609375,4.168543538739605,2.4161148071289062,4.7669073951205805,1.8321761040277378,2.4736206325580694,872.4089736938477,0.9933498588093482,244.96607971191406,219.8278045654297,-25.138275146484375,-10.26194123489317,0.12221387773752213,12.101608276367188,4.026327133178711
S_191,csv_vs_pred,True,,191.0,2.0,192.0,0.0,255.0,2.0,192.0,22.45248017635645,26.70301097821279,21.95165252685547,30.409210205078125,51.711585998535156,59.41917419433594,-16.406869339069146,-21.95165252685547,21.068114148951864,8.770500068889238,10.430863663364372,4288.423713684082,0.26394344515911733,244.96607971191406,281.53179931640625,36.56571960449219,14.926850136150138,0.1442083716392517,103.70948791503906,27.38272476196289
S_191,target_vs_pred,True,,188.0,7.0,194.0,0.0,255.0,7.0,194.0,21.279436882506026,27.115715900518786,21.658527374267578,32.01788330078125,52.916593933105474,60.9517822265625,-20.64958905159159,-21.658527374267578,17.574314234075707,8.312280032228916,10.59207652364015,4000.534133911133,0.180788147185912,219.8278045654297,281.53179931640625,61.70399475097656,28.069240317506797,0.06866844743490219,102.3109359741211,26.85824203491211
S_192,csv_vs_target,True,,167.0,7.0,173.0,7.0,194.0,7.0,173.0,14.61669222894543,15.789566521404529,13.861160278320312,19.494651794433594,24.955202484130858,25.612625122070312,14.61669222894543,13.861160278320312,5.971827125607791,5.709645401931809,6.167799422423644,2440.9876022338867,0.9072688214441006,215.22793579101562,207.44253540039062,-7.785400390625,-3.6172815399869025,0.11509153991937637,26.630294799804688,12.64106559753418
S_192,csv_vs_pred,True,,167.0,7.0,173.0,0.0,255.0,7.0,173.0,12.948550287121071,15.12593721183772,12.163414001464844,20.357688903808594,24.602978515625,24.88768768310547,3.9201905027834956,-0.23557281494140625,14.60910958814202,5.058027455906668,5.908569223374109,2162.4078979492188,-0.1319483207322609,215.22793579101562,290.29339599609375,75.06546020507812,34.877191906202306,0.13120122253894806,83.35005950927734,17.2098388671875
S_192,target_vs_pred,True,,188.0,7.0,194.0,0.0,255.0,7.0,194.0,15.84583428565492,18.893342719407386,14.572032928466797,26.537641525268555,31.83804244995117,38.498069763183594,-12.718477208563622,-14.572032928466797,13.971354143683845,6.189779017833954,7.38021199976851,2979.016845703125,-0.0554166809738258,207.44253540039062,290.29339599609375,82.85086059570312,39.93918625791786,0.07932980358600616,68.56930541992188,19.38947105407715
S_193,csv_vs_target,True,,122.0,24.0,152.0,31.0,187.0,31.0,152.0,23.041928400758838,26.2315147502615,26.152400970458984,32.08126258850098,40.06965103149414,40.57666778564453,20.90971574626985,26.152400970458984,15.839070474727402,9.000753281546421,10.246685449320898,2811.115264892578,0.3997870639034781,178.97579956054688,182.58953857421875,3.613739013671875,2.019121592049347,0.14231562614440918,41.88901138305664,20.03936767578125
S_193,csv_vs_pred,True,,129.0,24.0,152.0,0.0,255.0,24.0,152.0,30.22255180418029,34.00752891226058,28.84192657470703,44.19557189941406,54.97392883300781,56.47954559326172,30.22255180418029,28.84192657470703,15.5919654040752,11.805684298507927,13.28419098135179,3898.709182739258,0.24172493835788136,178.97579956054688,277.1461181640625,98.17031860351562,54.85116917431054,0.16142694652080536,109.04957580566406,33.22431564331055
S_193,target_vs_pred,True,,157.0,31.0,187.0,0.0,255.0,31.0,187.0,11.350072386917795,12.38729818583706,11.832260131835938,15.933120727539062,18.460879516601562,18.855972290039062,9.954555049823348,11.832260131835938,7.372380219771536,4.433622026139764,4.8387883538426015,1781.9613647460938,0.841947406161705,182.58953857421875,277.1461181640625,94.55657958984375,51.78641685773792,0.0683969259262085,69.19446563720703,14.591447830200195
S_194,csv_vs_target,True,,142.0,15.0,162.0,21.0,181.0,21.0,162.0,13.946236677572761,15.656294800509777,15.055931091308594,17.248552322387695,27.788014221191393,32.16228485107422,13.877280920324191,15.055931091308594,7.248492335574042,5.44774870217686,6.115740156449132,1980.365608215332,0.7729568336992417,189.23654174804688,169.8512420654297,-19.385299682617188,-10.243951565867626,0.12494482100009918,28.317115783691406,12.736690521240234
S_194,csv_vs_pred,True,,148.0,15.0,162.0,0.0,255.0,15.0,162.0,17.69696704761402,19.94495981801369,18.33236312866211,24.819631576538086,31.417220687866212,38.73235321044922,16.028953861545872,18.33236312866211,11.869037882095343,6.912877752974227,7.790999928911598,2619.151123046875,0.17110428105079156,189.23654174804688,308.9469299316406,119.71038818359375,63.2596575013786,0.16542519629001617,94.5819320678711,21.59986686706543
S_194,target_vs_pred,True,,161.0,21.0,181.0,0.0,255.0,21.0,181.0,9.357760127286733,10.725326013086892,9.486930847167969,12.9114990234375,18.587364196777344,19.647262573242188,4.235158884747428,5.5916900634765625,9.853732658639734,3.65537504972138,4.189580473862067,1506.599380493164,0.13062945377555174,169.8512420654297,308.9469299316406,139.09568786621094,81.89265275107,0.11491678655147552,74.0286865234375,12.235036849975586
S_195,csv_vs_target,True,,142.0,36.0,179.0,38.0,181.0,38.0,179.0,7.341949892715669,9.695912433780146,4.778724670410156,11.801912307739258,20.535820770263665,21.965621948242188,2.7406216473646565,1.2655220031738281,9.30052207725613,2.867949176842058,3.7874657944453696,1042.556884765625,0.9618666747589292,223.87542724609375,180.93357849121094,-42.94184875488281,-19.181135366750688,0.1275646835565567,21.882413864135742,5.390865325927734
S_195,csv_vs_pred,True,,144.0,36.0,179.0,0.0,255.0,36.0,179.0,23.144670327504475,29.69711186943845,17.22354507446289,37.90452194213867,57.06244468688965,59.17211151123047,16.699635876549614,11.286186218261719,24.556885286546404,9.040886846681435,11.600434323999394,3332.8325271606445,0.4294004215022025,223.87542724609375,272.3214416503906,48.446014404296875,21.639719462770206,0.14935603737831116,77.45551300048828,22.364524841308594
S_195,target_vs_pred,True,,144.0,38.0,181.0,0.0,255.0,38.0,181.0,19.609628783331978,23.227307690379018,18.70077896118164,31.068300247192383,36.97486190795898,37.26537322998047,13.689009666442871,17.830097198486328,18.76482978594727,7.660011243489054,9.073167066554303,2823.7865447998047,0.25490438066558885,180.93357849121094,272.3214416503906,91.38786315917969,50.509067424744515,0.07630344480276108,76.28482055664062,21.030033111572266
S_196,csv_vs_target,True,,130.0,5.0,143.0,14.0,199.0,14.0,143.0,36.25069157527043,43.16997354228356,42.790409088134766,52.17545700073242,75.17248344421387,77.3017349243164,28.927071908804088,42.790409088134766,32.04482994843848,14.160426396590012,16.863270914954516,4712.589904785156,0.19851877028893092,231.25729370117188,245.833251953125,14.575958251953125,6.302918285534261,0.2457558661699295,72.51834106445312,28.20087432861328
S_196,csv_vs_pred,True,,139.0,5.0,143.0,0.0,255.0,5.0,143.0,33.9580741717661,41.850087074533214,22.461891174316406,56.0651741027832,77.33254318237304,79.53767776489258,33.9580741717661,22.461891174316406,24.45974216321268,13.264872723346134,16.347690263489536,4720.172309875488,0.05288614983094165,231.25729370117188,284.05615234375,52.798858642578125,22.83121876731858,0.2567134201526642,113.54497528076172,35.18208312988281
S_196,target_vs_pred,True,,186.0,14.0,199.0,0.0,255.0,14.0,199.0,17.6101203426238,20.11425937454058,16.525619506835938,24.92532730102539,36.335622787475586,39.24664306640625,1.9646989965951571,1.5422935485839844,20.018076531951607,6.878953258837423,7.857132568179914,3275.4823837280273,0.8426045401227162,245.833251953125,284.05615234375,38.222900390625,15.548303610432017,0.09478132426738739,62.347354888916016,18.016225814819336
S_197,csv_vs_target,True,,84.0,23.0,120.0,37.0,140.0,37.0,120.0,22.42022196451823,26.09098103251866,24.416019439697266,34.828311920166016,40.72345237731933,41.31731414794922,22.42022196451823,24.416019439697266,13.344397262558653,8.757899204889934,10.1917894658276,1883.2986450195312,0.693706812895372,142.2568359375,132.50172424316406,-9.755111694335938,-6.857393972923782,0.16658031940460205,34.8205451965332,17.073150634765625
S_197,csv_vs_pred,True,,98.0,23.0,120.0,0.0,255.0,23.0,120.0,14.781100759700854,18.011669376148678,10.795181274414062,24.577421188354492,32.60165176391602,33.38505554199219,-8.02346778402523,-2.9471473693847656,16.12588597362642,5.773867484258146,7.035808350058077,1448.5478744506836,0.47643272838778666,142.2568359375,261.567626953125,119.310791015625,83.86998784343604,0.1502964049577713,135.8060302734375,28.079870223999023
S_197,target_vs_pred,True,,104.0,37.0,140.0,0.0,255.0,37.0,140.0,27.40964361337515,31.10014119254961,29.25672149658203,38.47751426696777,48.35628776550293,49.23358154296875,-27.40964361337515,-29.25672149658203,14.694564273372784,10.706892036474667,12.14849265333969,2850.6029357910156,0.4932272477118145,132.50172424316406,261.567626953125,129.06590270996094,97.40696088102334,0.07108378410339355,115.00916290283203,33.062034606933594
S_198,csv_vs_target,True,,126.0,30.0,161.0,36.0,194.0,36.0,161.0,22.753702375623917,24.444137197144283,25.28708267211914,29.37000846862793,35.61201477050781,36.20599365234375,22.753702375623917,25.28708267211914,8.932237766334891,8.888164990478092,9.548491092634485,2866.9664993286133,0.606826955518481,152.9912109375,166.34259033203125,13.35137939453125,8.726893075650514,0.07297708094120026,39.899410247802734,21.843421936035156
S_198,csv_vs_pred,True,,132.0,30.0,161.0,0.0,255.0,30.0,161.0,14.358153083107688,18.12561795689079,10.67697525024414,22.314720153808594,36.22391357421875,37.025962829589844,11.964285012447473,10.67697525024414,13.615943245331431,5.608653548088941,7.080319514410465,1895.2762069702148,-0.5748107938487456,152.9912109375,269.08685302734375,116.09564208984375,75.88386376631973,0.10658048838376999,94.37480926513672,19.63271713256836
S_198,target_vs_pred,True,,159.0,36.0,194.0,0.0,255.0,36.0,194.0,13.084553940491107,15.236197399315827,14.52093505859375,20.163379669189453,24.106225585937498,24.426551818847656,-12.993027693070706,-14.52093505859375,7.957571398235528,5.111153883004339,5.951639609107745,2080.444076538086,0.28723058584329314,166.34259033203125,269.08685302734375,102.7442626953125,61.76666029069958,0.05231272056698799,68.34806823730469,17.427364349365234
S_199,csv_vs_target,True,,189.0,3.0,219.0,28.0,216.0,28.0,216.0,12.546793801443917,13.544573098482429,13.680946350097656,15.46041488647461,20.17064514160156,22.104171752929688,-1.053329689792855,1.4933242797851562,13.50355349471889,4.90109132868903,5.290848866594699,2371.3440284729004,0.9938330665547033,340.9400329589844,245.8695068359375,-95.07052612304688,-27.884823408724056,0.2131877839565277,42.7378044128418,10.55764389038086
S_199,csv_vs_pred,True,,217.0,3.0,219.0,0.0,255.0,3.0,219.0,36.055667806880265,42.279059587222555,36.70222473144531,57.13484191894531,72.33560638427734,77.02362823486328,18.245902575655467,17.417938232421875,38.13929625438315,14.084245237062603,16.51525765125881,7824.079914093018,0.8889513812665644,340.9400329589844,292.0511474609375,-48.888885498046875,-14.339438250272693,0.27325180172920227,75.23004913330078,29.88505744934082
S_199,target_vs_pred,True,,189.0,28.0,216.0,0.0,255.0,28.0,216.0,29.169654886558572,34.89510612468485,26.46460723876953,45.86650085449219,59.633111572265626,60.13507843017578,21.728220056604457,26.46460723876953,27.304814312219563,11.394396440061943,13.63090082995502,5513.06477355957,0.8845503258170706,245.8695068359375,292.0511474609375,46.181640625,18.782988267812136,0.1296248733997345,58.68802261352539,26.131603240966797
S_200,csv_vs_target,True,,161.0,21.0,182.0,22.0,190.0,22.0,182.0,4.896684066109035,5.34456430668864,4.78106689453125,6.579444885253906,8.4132080078125,9.919052124023438,3.020517384783822,3.8671112060546875,4.4091770611474566,1.9127672133238418,2.08772043230025,788.3661346435547,0.9635962756378441,182.44662475585938,179.273193359375,-3.173431396484375,-1.7393752285398312,0.05696198344230652,13.003232955932617,4.722061634063721
S_200,csv_vs_pred,True,,162.0,21.0,182.0,0.0,255.0,21.0,182.0,11.767318395920741,14.301152902145308,12.297122955322266,17.83517074584961,25.63538093566894,26.318069458007812,-3.129019890302493,-1.1318588256835938,13.954648288532052,4.596608748406539,5.586387852400511,1906.3055801391602,0.2418570660326408,182.44662475585938,265.20440673828125,82.75778198242188,45.35999615702842,0.06974851340055466,79.49185180664062,16.203140258789062
S_200,target_vs_pred,True,,169.0,22.0,190.0,0.0,255.0,22.0,190.0,10.487143567327918,13.714374547901825,6.431999206542969,18.076171875,26.1654541015625,28.266403198242188,-7.115114336183085,-4.828132629394531,11.724300287146324,4.096540455987467,5.3571775577741505,1772.327262878418,0.43869777234749585,179.273193359375,265.20440673828125,85.93121337890625,47.933107992254776,0.04346998780965805,77.2341079711914,15.55099868774414
S_201,csv_vs_target,True,,160.0,11.0,170.0,10.0,170.0,11.0,170.0,8.162725782394409,10.118296669189208,6.936920166015625,11.351221084594727,20.397799682617187,21.116355895996094,0.9463073253631592,-1.7827529907226562,10.07394808065286,3.188564758747816,3.9524596364020343,1306.0361251831055,0.9673741420657209,253.26271057128906,202.69873046875,-50.56398010253906,-19.96503156208212,0.12381205707788467,21.04609489440918,6.172480583190918
S_201,csv_vs_pred,True,,160.0,11.0,170.0,0.0,255.0,11.0,170.0,26.408117055892944,28.747113693249183,29.472702026367188,35.81301498413086,41.36010627746582,42.07353210449219,-9.624294233322143,-18.626480102539062,27.088180193638642,10.315670724958181,11.229341286425463,4225.298728942871,0.06491179328653478,253.26271057128906,282.76336669921875,29.500656127929688,11.648243067532414,0.17872676253318787,93.29788208007812,27.690406799316406
S_201,target_vs_pred,True,,161.0,10.0,170.0,0.0,255.0,10.0,170.0,18.64112176362032,21.828640107598527,16.723472595214844,25.94055938720703,40.607627868652344,43.032310485839844,-10.75701311952579,-12.413253784179688,18.994109552527306,7.281688188914187,8.526812542030674,3001.220603942871,0.08670317237657836,202.69873046875,282.76336669921875,80.06463623046875,39.49932791456844,0.10142089426517487,89.67416381835938,22.396076202392578
S_202,csv_vs_target,True,,143.0,6.0,152.0,10.0,189.0,10.0,152.0,25.728788175782956,29.38101946517066,26.990447998046875,35.85561943054199,49.977381515502934,51.057525634765625,21.21634212573925,26.990447998046875,20.32513546366467,10.050307881165217,11.47696072858229,3679.216709136963,0.42666787250666244,222.5264434814453,216.24298095703125,-6.2834625244140625,-2.8236925130453634,0.14824914932250977,45.570796966552734,20.742673873901367
S_202,csv_vs_pred,True,,147.0,6.0,152.0,0.0,255.0,6.0,152.0,39.12392267240148,41.91340303991413,34.36200714111328,47.9439697265625,66.84063835144043,67.52184677124023,39.12392267240148,34.36200714111328,15.035026741254313,15.282782293906827,16.372423062466456,5751.216632843018,0.6789329547430384,222.5264434814453,293.12939453125,70.60295104980469,31.727892623475515,0.1651311069726944,104.10305786132812,36.492088317871094
S_202,target_vs_pred,True,,180.0,10.0,189.0,0.0,255.0,10.0,189.0,17.493169826931425,22.871102081519073,8.937885284423828,29.107709884643555,43.85522537231445,47.364349365234375,13.360270521375869,8.870468139648438,18.563148494232355,6.833269463645088,8.934024250593389,3148.7705688476562,0.24335112515288013,216.24298095703125,293.12939453125,76.88641357421875,35.555564962333264,0.09071261435747147,66.99236297607422,16.29534339904785
S_203,csv_vs_target,True,,126.0,65.0,190.0,63.0,191.0,65.0,190.0,5.725682818700397,7.776175019104069,3.4665374755859375,9.454231262207031,16.38353157043457,17.170379638671875,4.241359407939608,2.0276870727539062,6.5176505199665575,2.236594851054843,3.037568366837527,721.43603515625,0.9780800997722418,163.1326141357422,140.642578125,-22.490036010742188,-13.786351753457255,0.0900324285030365,16.959421157836914,4.874309539794922
S_203,csv_vs_pred,True,,126.0,65.0,190.0,0.0,255.0,65.0,190.0,21.314402020166792,26.25646137177988,18.465843200683594,37.3575325012207,42.869693756103516,43.73699951171875,-20.618879287961928,-18.465843200683594,16.256185920326562,8.325938289127652,10.256430223351517,2685.6146545410156,0.5802114448759503,163.1326141357422,275.9931640625,112.86054992675781,69.18331476373481,0.11538553982973099,83.89314270019531,28.125329971313477
S_203,target_vs_pred,True,,129.0,63.0,191.0,0.0,255.0,63.0,191.0,24.93480262460635,27.12797913136125,22.385986328125,36.861053466796875,39.614785766601564,39.96961975097656,-24.93480262460635,-22.385986328125,10.685638484596794,9.740157275236855,10.596866848187988,3216.5895385742188,0.4693850548974183,140.642578125,275.9931640625,135.3505859375,96.23727588922586,0.07063170522451401,80.30366516113281,30.93484115600586
S_204,csv_vs_target,True,,158.0,11.0,176.0,19.0,199.0,19.0,176.0,17.33677596080152,20.108359461479356,15.70001220703125,25.727571487426758,33.59364204406738,37.37664794921875,16.473153319539904,15.70001220703125,11.531753550219403,6.772178109688094,7.854827914640373,2739.2106018066406,0.6256632083779383,222.27182006835938,201.11659240722656,-21.155227661132812,-9.51772818240062,0.12317538261413574,31.723054885864258,14.787090301513672
S_204,csv_vs_pred,True,,166.0,11.0,176.0,0.0,255.0,11.0,176.0,13.620937485292734,18.381304810444522,8.057403564453125,26.582136154174805,34.27715873718262,35.833778381347656,12.863181332507766,8.057403564453125,13.130534358566475,5.320678705192474,7.180197191579891,2261.0756225585938,0.4703509647150987,222.27182006835938,273.466064453125,51.194244384765625,23.032269392817174,0.1407264620065689,81.08793640136719,16.559728622436523
S_204,target_vs_pred,True,,181.0,19.0,199.0,0.0,255.0,19.0,199.0,5.462013286780257,6.604060457524233,4.279579162597656,7.45135498046875,12.441787719726562,13.253860473632812,-2.3378661772164193,0.003326416015625,6.176406419922726,2.133598940148538,2.5797111162204036,988.6244049072266,0.8306746173457518,201.11659240722656,273.466064453125,72.34947204589844,35.97389513034598,0.07445927709341049,56.36227035522461,8.316459655761719
S_205,csv_vs_target,True,,143.0,44.0,190.0,46.0,188.0,46.0,188.0,5.7439096624201,7.40621402923398,4.625694274902344,8.009639739990234,14.333003997802734,16.927108764648438,1.6222934856281415,2.2462081909179688,7.226352475025745,2.2437147118828515,2.8930523551695235,821.3790817260742,0.9584834142257566,189.29299926757812,150.44253540039062,-38.8504638671875,-20.523983462387537,0.06875845044851303,16.849721908569336,4.898316383361816
S_205,csv_vs_pred,True,,147.0,44.0,190.0,0.0,255.0,44.0,190.0,13.850105285644531,16.37386706570677,12.712600708007812,19.269996643066406,33.38484039306638,37.32081604003906,12.242830808470849,11.895553588867188,10.872746501256886,5.410197377204895,6.396041822541706,2035.965476989746,0.4977924965266035,189.29299926757812,304.6707763671875,115.37777709960938,60.9519514931559,0.15346550941467285,83.47716522216797,18.657968521118164
S_205,target_vs_pred,True,,143.0,46.0,188.0,0.0,255.0,46.0,188.0,10.388953629073564,12.41346316968273,8.2042236328125,14.379146575927734,22.90440979003906,23.27130126953125,10.362140202022099,8.2042236328125,6.835211649883789,4.058185011356861,4.849009050657316,1485.6203689575195,0.6569089277987508,150.44253540039062,304.6707763671875,154.22824096679688,102.51637978985083,0.13193722069263458,77.11299896240234,15.866167068481445
S_206,csv_vs_target,True,,132.0,9.0,146.0,15.0,196.0,15.0,146.0,31.788190148093484,37.101132542694955,35.25754165649414,47.52177429199219,59.8484426498413,61.32646179199219,26.754663929794773,35.25754165649414,25.703735019532807,12.417261776599018,14.492629899490217,4196.04109954834,-0.028589487249752688,235.19439697265625,226.0428924560547,-9.151504516601562,-3.8910384915659426,0.26877084374427795,63.30403137207031,26.663860321044922
S_206,csv_vs_pred,True,,138.0,9.0,146.0,0.0,255.0,9.0,146.0,30.791975159575973,36.85652854206541,27.540889739990234,43.304941177368164,66.58863391876221,67.22192764282227,30.7877467058707,27.540889739990234,20.26125240322598,12.028115296709364,14.397081461744301,4249.292572021484,-0.00756731933781203,235.19439697265625,287.0391845703125,51.84478759765625,22.043376994852217,0.26703202724456787,109.0516357421875,32.55738830566406
S_206,target_vs_pred,True,,182.0,15.0,196.0,0.0,255.0,15.0,196.0,16.692023476401527,20.348070394485383,14.063053131103516,20.119998931884766,40.32489585876465,41.47711944580078,-5.3633175525036485,-6.1884613037109375,19.628519903699793,6.520321670469347,7.948464997845853,3037.948272705078,0.5012833334110673,226.0428924560547,287.0391845703125,60.99629211425781,26.98438842681937,0.10277699679136276,72.52726745605469,19.312294006347656
S_21,csv_vs_target,True,,157.0,23.0,192.0,23.0,179.0,23.0,179.0,5.483090054457355,6.457255947500554,5.326629638671875,8.024581909179688,11.808184814453124,11.9361572265625,-1.2082039413938097,-1.42718505859375,6.343216660932506,2.141832052522404,2.522365604492404,860.8451385498047,0.8140122398141697,202.58338928222656,165.34336853027344,-37.240020751953125,-18.38256378376333,0.0870790034532547,13.784618377685547,5.044424057006836
S_21,csv_vs_pred,True,,170.0,23.0,192.0,0.0,255.0,23.0,192.0,26.1333225923426,29.10105513217894,22.08238983154297,34.657453536987305,50.6408046722412,51.05388641357422,26.1333225923426,22.08238983154297,12.803158207671807,10.208329137633829,11.367599661007398,4442.664840698242,-0.061171877550359556,202.58338928222656,303.6100158691406,101.02662658691406,49.86915607438235,0.14915931224822998,66.212890625,26.03183364868164
S_21,target_vs_pred,True,,157.0,23.0,179.0,0.0,255.0,23.0,179.0,26.244636001100965,27.951226600425233,23.7476806640625,26.631736755371094,48.57756805419921,50.50535583496094,26.244636001100965,23.7476806640625,9.617179921267686,10.251810937930065,10.918447890791107,4120.407852172852,-0.23611775338427643,165.34336853027344,303.6100158691406,138.2666473388672,83.6239448606546,0.0995379313826561,77.62313842773438,28.52538299560547
S_22,csv_vs_target,True,,190.0,8.0,208.0,19.0,228.0,19.0,208.0,14.326059040270353,16.096097540092266,15.579345703125,20.860698699951172,24.98833885192871,28.02484893798828,14.326059040270353,15.579345703125,7.338146114302464,5.596116812605607,6.287538101598542,2721.951217651367,0.749737377759485,244.3146514892578,221.6969757080078,-22.61767578125,-9.25760106586105,0.1093715950846672,27.92363739013672,13.497913360595703
S_22,csv_vs_pred,True,,201.0,8.0,208.0,0.0,255.0,8.0,208.0,13.853333696204038,17.0037548446525,10.971549987792969,18.38165283203125,33.30802917480469,40.10839080810547,12.240846662379022,10.971549987792969,11.802090992920185,5.411458475079702,6.642091736192383,2784.5200729370117,0.21039673439565956,244.3146514892578,292.38580322265625,48.07115173339844,19.67591850853221,0.13866004347801208,47.923404693603516,14.393383026123047
S_22,target_vs_pred,True,,210.0,19.0,228.0,0.0,255.0,19.0,228.0,9.568812415713357,11.719798383277586,9.05633544921875,10.576194763183594,25.22298393249509,35.178733825683594,-5.456056939987909,-7.1925811767578125,10.372324561653752,3.73781734988803,4.578046243467807,2009.4506072998047,-0.06694600065731,221.6969757080078,292.38580322265625,70.68882751464844,31.88533685933659,0.08434516936540604,43.57249450683594,10.684986114501953
S_23,csv_vs_target,True,,152.0,22.0,173.0,21.0,195.0,22.0,173.0,13.864293700770327,16.967257960539666,11.851829528808594,21.029687881469727,31.83519744873047,32.307762145996094,13.374340007179661,11.851829528808594,10.441018727684105,5.415739726863409,6.627835140835807,2107.37264251709,0.32928537222117055,182.34341430664062,174.68621826171875,-7.657196044921875,-4.199326898434127,0.07303471118211746,32.307762145996094,12.89693832397461
S_23,csv_vs_pred,True,,152.0,22.0,173.0,0.0,255.0,22.0,173.0,17.89560488650673,20.506137279305598,15.581642150878906,24.979223251342773,36.38319702148437,37.33050537109375,17.89560488650673,15.581642150878906,10.012441853202603,6.990470658791692,8.01020987472875,2720.1319427490234,0.37346551941309686,182.34341430664062,268.39453125,86.05111694335938,47.19178768580641,0.10667405277490616,82.46061706542969,20.66766357421875
S_23,target_vs_pred,True,,175.0,21.0,195.0,0.0,255.0,21.0,195.0,4.202215401785714,4.858624026916961,4.021125793457031,5.956699371337891,8.32848205566406,9.158592224121094,3.8803418840680806,4.021125793457031,2.9238971079163787,1.6414903913225445,1.897900010514438,735.3876953125,0.6847301693060952,174.68621826171875,268.39453125,93.70831298828125,53.64379280483421,0.05961088836193085,60.343467712402344,7.553241729736328
S_24,csv_vs_target,True,,140.0,2.0,176.0,37.0,177.0,37.0,176.0,8.214750507899693,9.627688014350758,7.814186096191406,12.519866943359375,15.69941864013671,19.117324829101562,-1.9046466827392579,-2.5361709594726562,9.43740947059115,3.2088869171483174,3.760815630605765,1150.065071105957,0.9787519702504016,273.91436767578125,182.00234985351562,-91.91201782226562,-33.55501889105057,0.18974216282367706,37.275753021240234,8.732279777526855
S_24,csv_vs_pred,True,,175.0,2.0,176.0,0.0,255.0,2.0,176.0,28.923460257393973,36.66055531401667,17.9544677734375,55.755130767822266,66.25162963867187,68.37470245361328,-23.65357674734933,-17.9544677734375,28.009009675269326,11.29822666304452,14.320529419537761,5061.605545043945,0.4558488937929462,273.91436767578125,334.898681640625,60.98431396484375,22.264006988783237,0.2542148232460022,83.73975372314453,24.3158016204834
S_24,target_vs_pred,True,,141.0,37.0,177.0,0.0,255.0,37.0,177.0,30.12926477743379,34.72777705415033,27.2659912109375,45.36054992675781,57.28709411621094,60.12920379638672,-30.12926477743379,-27.2659912109375,17.269797424812417,11.769244053685075,13.565537911777472,4248.226333618164,0.45984155232308127,182.00234985351562,334.898681640625,152.89633178710938,84.00788885515325,0.1712760180234909,80.00981140136719,25.654308319091797
S_25,csv_vs_target,True,,127.0,50.0,182.0,56.0,202.0,56.0,182.0,11.95385988490788,15.154798852254082,12.28778076171875,13.302200317382812,32.200280761718744,33.697914123535156,11.841894495205617,12.28778076171875,9.457138204377715,4.66947651754214,5.919843301661751,1518.1402053833008,0.9489242003187488,181.37965393066406,166.83929443359375,-14.540359497070312,-8.016532825576455,0.07661397755146027,23.13844871520996,10.17055892944336
S_25,csv_vs_pred,True,,133.0,50.0,182.0,0.0,255.0,50.0,182.0,27.289911141072896,32.41904057113322,18.287979125976562,43.2427978515625,58.67149963378906,60.243865966796875,-25.166343057962287,-18.287979125976562,20.436471531106715,10.6601215394816,12.663687723098915,3629.5581817626953,-0.8445339902636199,181.37965393066406,271.1004638671875,89.72080993652344,49.465752077062845,0.11289489269256592,73.8187484741211,26.07291030883789
S_25,target_vs_pred,True,,147.0,56.0,202.0,0.0,255.0,56.0,202.0,33.50861130279748,36.93908487882019,30.228927612304688,45.7335090637207,57.96233673095703,59.67988586425781,-33.50861130279748,-30.228927612304688,15.545705524121917,13.089301290155268,14.429330030789137,4925.7658615112305,-0.5710153325666582,166.83929443359375,271.1004638671875,104.26116943359375,62.491974556295624,0.07937352359294891,66.49322509765625,32.152381896972656
S_26,csv_vs_target,True,,141.0,10.0,154.0,14.0,191.0,14.0,154.0,33.47968238127147,38.461286803437474,31.27068328857422,48.031776428222656,65.28678894042969,66.40866088867188,33.47968238127147,31.27068328857422,18.930965380176847,13.078000930184169,15.023940157592763,4720.635215759277,0.11615347201803919,222.85305786132812,180.29942321777344,-42.55363464355469,-19.094929659042187,0.11404775828123093,64.59782409667969,28.407182693481445
S_26,csv_vs_pred,True,,145.0,10.0,154.0,0.0,255.0,10.0,154.0,27.017944546403555,30.95885231818963,24.674835205078125,39.97888946533203,51.438395690917964,52.063819885253906,24.897209114863955,24.674835205078125,18.400530295353192,10.553884588438889,12.093301686792826,3917.6019592285156,0.2451876370346142,222.85305786132812,302.357177734375,79.50411987304688,35.67557951973507,0.1701870560646057,103.01590728759766,28.706972122192383
S_26,target_vs_pred,True,,178.0,14.0,191.0,0.0,255.0,14.0,191.0,9.331761478038317,10.993495892675496,8.280372619628906,12.254596710205078,21.617224884033202,28.9813232421875,-6.491665529401115,-7.7376251220703125,8.87216042442078,3.6452193273587175,4.294334333076366,1661.0535430908203,-0.5300402107329594,180.29942321777344,302.357177734375,122.05775451660156,67.69725178898948,0.1502259075641632,64.00116729736328,11.631601333618164
S_27,csv_vs_target,True,,118.0,44.0,170.0,53.0,181.0,53.0,170.0,13.914434723934885,17.326818416945887,9.77432632446289,21.358047485351562,33.99016799926758,34.56980895996094,11.938854217529297,9.77432632446289,12.557165142913352,5.435326064037064,6.768288444119487,1641.9032974243164,0.7222029766368447,168.83303833007812,130.39549255371094,-38.43754577636719,-22.76660193660849,0.10758162289857864,34.55959701538086,11.627702713012695
S_27,csv_vs_pred,True,,127.0,44.0,170.0,0.0,255.0,44.0,170.0,15.923102912001722,20.311292650685576,11.091583251953125,23.28927993774414,41.54020462036132,42.5555419921875,15.923102912001722,11.091583251953125,12.609655141818756,6.219962075000673,7.934098691674054,2022.2340698242188,0.6573561428608385,168.83303833007812,261.73345947265625,92.90042114257812,55.02502475578864,0.10901127010583878,86.05438232421875,20.059432983398438
S_27,target_vs_pred,True,,129.0,53.0,181.0,0.0,255.0,53.0,181.0,4.164159552995549,5.154145083679802,2.927459716796875,7.4781646728515625,8.8632568359375,9.035186767578125,3.9032283457674724,2.927459716796875,3.3660095104467542,1.6266248253888862,2.013337923312423,537.1765823364258,0.6832196889751299,130.39549255371094,261.73345947265625,131.3379669189453,100.72278139121556,0.04872283712029457,74.05022430419922,11.249567985534668
S_28,csv_vs_target,True,,106.0,24.0,146.0,41.0,204.0,41.0,146.0,33.675820692530216,40.533691798351974,40.8914794921875,55.946828842163086,62.37220764160156,63.21058654785156,29.456760046617042,40.8914794921875,27.843840582071504,13.154617458019615,15.83347335873124,3569.636993408203,-0.23419021377215685,186.83642578125,194.625732421875,7.789306640625,4.169051408277257,0.12814339995384216,75.0927505493164,31.243427276611328
S_28,csv_vs_pred,True,,123.0,24.0,146.0,0.0,255.0,24.0,146.0,29.981421493902438,35.31298524436205,28.343490600585938,47.42476272583008,58.661302947998045,59.92949676513672,25.78310971143769,28.343490600585938,24.129612107874827,11.71149277105564,13.794134861078927,3687.71484375,-0.024984662694713184,186.83642578125,294.7859802246094,107.94955444335938,57.77757414604476,0.1920526772737503,109.3486099243164,31.612361907958984
S_28,target_vs_pred,True,,164.0,41.0,204.0,0.0,255.0,41.0,204.0,16.366501505781965,23.160782536991878,9.176612854003906,22.986194610595703,48.14995574951172,48.57051086425781,-14.931550653969369,-6.881404876708984,17.70510216840826,6.39316465069608,9.047180678512452,2684.106246948242,0.6600384578521795,194.625732421875,294.7859802246094,100.16024780273438,51.46300365898098,0.12088610231876373,76.05455780029297,20.108421325683594
S_29,csv_vs_target,True,,112.0,47.0,183.0,72.0,187.0,72.0,183.0,14.015701021466937,16.611325435790683,12.39089584350586,21.72698211669922,29.30717887878418,29.56598663330078,5.827783312116351,-1.4547157287597656,15.555483740493726,5.474883211510522,6.488798998355735,1569.7585144042969,-0.3411556274024629,167.5797119140625,115.28713989257812,-52.292572021484375,-31.20459596277404,0.0613938570022583,29.536144256591797,12.243637084960938
S_29,csv_vs_pred,True,,137.0,47.0,183.0,0.0,255.0,47.0,183.0,16.982459799216613,21.95327021383223,12.420074462890625,29.780960083007812,42.15597686767578,43.06294250488281,15.098998633614421,12.420074462890625,15.936320571061668,6.633773359068989,8.575496177278215,2326.596992492676,-0.6029536895649751,167.5797119140625,263.4705810546875,95.890869140625,57.221049039681624,0.0774620771408081,73.79510498046875,19.740062713623047
S_29,target_vs_pred,True,,116.0,72.0,187.0,0.0,255.0,72.0,187.0,9.174667753022293,9.939989947126344,8.629566192626953,10.874002456665039,16.74030876159668,17.6170654296875,9.174667753022293,8.629566192626953,3.824770812823386,3.583854591024333,3.882808573096228,1064.261459350586,0.025949956889114997,115.28713989257812,263.4705810546875,148.18344116210938,128.5342331220376,0.0423416942358017,72.3397216796875,17.045055389404297
S_30,csv_vs_target,True,,125.0,5.0,142.0,18.0,211.0,18.0,142.0,41.55382336425781,49.36377966753392,40.93130111694336,65.28337097167969,82.79455795288087,83.56560516357422,31.33491943359375,40.93130111694336,38.1432243937901,16.231962251663205,19.282726432630437,5194.227920532227,0.09827417279103752,235.39410400390625,271.41229248046875,36.0181884765625,15.301227967219889,0.1259140521287918,92.88237762451172,31.62320327758789
S_30,csv_vs_pred,True,,138.0,5.0,142.0,0.0,255.0,5.0,142.0,48.45727699390356,57.08353469340141,39.72262191772461,80.8104305267334,95.09412956237793,96.67127227783203,48.45727699390356,39.72262191772461,30.173203996739673,18.92862382574358,22.298255739609925,6687.104225158691,0.25710243043857445,235.39410400390625,298.69970703125,63.30560302734375,26.89345312727284,0.16388799250125885,113.0597915649414,42.62187957763672
S_30,target_vs_pred,True,,194.0,18.0,211.0,0.0,255.0,18.0,211.0,27.770509896819124,30.603347371114687,27.215621948242188,36.59765815734863,50.09210205078125,52.14979553222656,6.431240081787109,17.68035888671875,29.919960249430932,10.847855428444971,11.954432566841675,5387.47891998291,0.45087317173054364,271.41229248046875,298.69970703125,27.28741455078125,10.053860973057994,0.1317342072725296,79.20126342773438,26.200275421142578
S_31,csv_vs_target,True,,131.0,9.0,139.0,9.0,159.0,9.0,139.0,22.30358024771887,26.798676698242165,16.46759796142578,32.65965270996094,51.10988998413086,51.99842834472656,22.30358024771887,16.46759796142578,14.85662750796668,8.712336034265183,10.468233085250846,2921.769012451172,0.5953410064088134,187.7963409423828,151.92239379882812,-35.87394714355469,-19.102580466490984,0.13561932742595673,51.06332015991211,18.673046112060547
S_31,csv_vs_pred,True,,131.0,9.0,139.0,0.0,255.0,9.0,139.0,15.406343008725697,20.13670526501226,9.596527099609375,23.082679748535156,41.88984680175781,43.36182403564453,13.173503904852248,8.206565856933594,15.229763419003426,6.018102737783475,7.865900494145414,2018.2309341430664,0.40699857485148766,187.7963409423828,278.1504211425781,90.35408020019531,48.11280120899974,0.18933318555355072,116.00120544433594,22.817729949951172
S_31,target_vs_pred,True,,151.0,9.0,159.0,0.0,255.0,9.0,159.0,9.80008641931395,10.946575231830268,9.382156372070312,12.413009643554688,19.477134704589844,21.865478515625,-9.549554685883175,-9.382156372070312,5.351029303549606,3.8281587575445113,4.276005949933698,1479.8130493164062,0.23186049867539932,151.92239379882812,278.1504211425781,126.22802734375,83.08717640573074,0.0931418314576149,97.14545440673828,17.058019638061523
S_32,csv_vs_target,True,,159.0,31.0,189.0,28.0,201.0,31.0,189.0,11.934079536102104,14.238395887986082,12.033134460449219,18.686634063720703,23.675299835205077,23.856369018554688,3.4144821646828323,4.9458465576171875,13.822924039800036,4.661749818789884,5.5618733937445635,1897.5186462402344,0.8280505942559127,241.8419952392578,198.7083740234375,-43.13362121582031,-17.835455406065453,0.09879816323518753,21.80561065673828,9.31192684173584
S_32,csv_vs_pred,True,,159.0,31.0,189.0,0.0,255.0,31.0,189.0,23.390623800409664,29.65652365318514,16.059112548828125,37.628150939941406,58.7923942565918,59.804443359375,18.638382389860332,12.478347778320312,23.067728476841275,9.136962422035024,11.584579552025446,3719.1091842651367,0.1821030229055266,241.8419952392578,274.7037658691406,32.86177062988281,13.58811590849363,0.1261979043483734,68.45416259765625,20.863353729248047
S_32,target_vs_pred,True,,174.0,28.0,201.0,0.0,255.0,28.0,201.0,14.592418144489157,18.70362627186822,8.807899475097656,26.18210220336914,35.653507995605466,36.43255615234375,13.634751286999933,8.807899475097656,12.80309310515911,5.700163337691077,7.3061040124485235,2539.0807571411133,0.5806703989881964,198.7083740234375,274.7037658691406,75.99539184570312,38.244685064412565,0.06493540853261948,54.117576599121094,14.75486946105957
S_33,csv_vs_target,True,,124.0,5.0,132.0,9.0,180.0,9.0,132.0,52.16896623180759,54.79806508311987,42.484073638916016,70.2872142791748,79.8262378692627,81.436767578125,52.16896623180759,42.484073638916016,16.769821083075442,20.37850243429984,21.4054941730937,6468.951812744141,0.30450782191663744,166.1100311279297,190.9799346923828,24.869903564453125,14.97194563993692,0.09596922993659973,65.81436920166016,45.53935241699219
S_33,csv_vs_pred,True,,128.0,5.0,132.0,0.0,255.0,5.0,132.0,29.03807955980301,33.875003709453594,25.329471588134766,38.130910873413086,63.12733688354492,64.65705871582031,29.03807955980301,25.329471588134766,17.444363324410705,11.34299982804805,13.23242332400531,3716.874183654785,-0.013813589278694898,166.1100311279297,298.5636291503906,132.45359802246094,79.7384704072916,0.13280056416988373,132.9799041748047,36.870826721191406
S_33,target_vs_pred,True,,172.0,9.0,180.0,0.0,255.0,9.0,180.0,20.818381464758584,23.082485962229786,22.536544799804688,28.17791748046875,34.30933380126953,34.558746337890625,-20.818381464758584,-22.536544799804688,9.969761851936651,8.132180259671323,9.01659607899601,3580.7616119384766,0.7639339013154922,190.9799346923828,298.5636291503906,107.58369445800781,56.332459546424545,0.09610693156719208,75.39521789550781,21.15385627746582
S_34,csv_vs_target,True,,71.0,97.0,255.0,51.0,167.0,97.0,167.0,44.76086920080051,57.40106390031312,30.086814880371094,76.22112274169922,108.7830581665039,110.16898345947266,-22.705384590256383,2.316802978515625,52.719518657669646,17.484714531562698,22.422290586059813,3178.021713256836,-0.9961427097630047,326.9698486328125,144.95968627929688,-182.01016235351562,-55.665732821850085,0.21091917157173157,120.06867980957031,46.915950775146484
S_34,csv_vs_pred,True,,159.0,97.0,255.0,0.0,255.0,97.0,255.0,63.464802628043316,73.4777446615093,79.55094909667969,93.98175048828125,108.85726852416992,112.83531188964844,-58.84441970729228,-79.55094909667969,44.003559286198566,24.79093852657942,28.702244008402072,10090.903617858887,-0.6664121001228748,326.9698486328125,269.1671142578125,-57.802734375,-17.678307224634864,0.19322064518928528,128.38197326660156,56.25099182128906
S_34,target_vs_pred,True,,117.0,51.0,167.0,0.0,255.0,51.0,167.0,10.667343400482439,11.835802978396583,10.80804443359375,13.02142333984375,20.794393920898436,21.161651611328125,-4.322281405457065,-8.01953125,11.018353579163337,4.166931015813453,4.623360538436165,1248.0791778564453,0.7386606252629923,144.95968627929688,269.1671142578125,124.20742797851562,85.68411753501877,0.07886089384555817,88.8857650756836,19.062328338623047
S_35,csv_vs_target,True,,170.0,7.0,182.0,13.0,224.0,13.0,182.0,24.55047468297622,27.338927032177395,27.31561279296875,33.543771743774414,43.63647403717041,44.50952911376953,18.34839499978458,27.31561279296875,20.26705040706713,9.590029173037586,10.679268371944294,4173.580696105957,0.40782804993728794,252.85275268554688,239.1666259765625,-13.686126708984375,-5.412686460037659,0.10455311834812164,47.82640838623047,21.490243911743164
S_35,csv_vs_pred,True,,176.0,7.0,182.0,0.0,255.0,7.0,182.0,31.228065143931996,36.555623362291286,27.478927612304688,49.414127349853516,58.72835922241211,60.400108337402344,30.06788834658536,27.478927612304688,20.79027873269074,12.198462946848435,14.279540375895033,5496.139465332031,0.2976448998015861,252.85275268554688,298.70361328125,45.850860595703125,18.1334235466722,0.14424975216388702,79.13534545898438,28.825984954833984
S_35,target_vs_pred,True,,212.0,13.0,224.0,0.0,255.0,13.0,224.0,14.808977414976876,16.47719815036163,14.5440673828125,19.30491828918457,28.760523605346677,30.699050903320312,12.370982296061966,14.5440673828125,10.883788674758533,5.784756802725342,6.436405527485012,3139.5032119750977,0.7118731721291188,239.1666259765625,298.70361328125,59.5369873046875,24.893518089782546,0.08692780137062073,31.93583106994629,12.836431503295898
S_36,csv_vs_target,True,,121.0,59.0,185.0,65.0,200.0,65.0,185.0,12.668396563569376,14.385729705484563,11.819877624511719,17.236007690429688,24.32867431640625,24.952896118164062,10.874150615093136,11.819877624511719,9.418177507327545,4.948592407644288,5.619425666204907,1532.8759841918945,0.8902066710391745,175.30746459960938,150.67483520507812,-24.63262939453125,-14.051101274771973,0.10599645227193832,24.454784393310547,10.537510871887207
S_36,csv_vs_pred,True,,127.0,59.0,185.0,0.0,255.0,59.0,185.0,22.001266119048353,26.35979128695729,17.54926300048828,36.31194305419922,45.97691879272461,46.6124267578125,22.001266119048353,17.54926300048828,14.518363745641743,8.594244577753262,10.29679347146769,2794.1607971191406,0.7275045969245791,175.30746459960938,268.09246826171875,92.78500366210938,52.92701247418726,0.12862162292003632,70.02923583984375,23.560195922851562
S_36,target_vs_pred,True,,136.0,65.0,200.0,0.0,255.0,65.0,200.0,11.519376305972829,13.59165280624912,10.58523178100586,18.645395278930664,23.77597427368164,24.947799682617188,9.699246687047621,10.58523178100586,9.521430549524338,4.499756369520636,5.309239377441063,1566.6351776123047,0.6220415075735474,150.67483520507812,268.09246826171875,117.41763305664062,77.92783240083514,0.07116777449846268,66.21116638183594,15.547789573669434
S_37,csv_vs_target,True,,165.0,2.0,173.0,9.0,229.0,9.0,173.0,30.963866725112453,33.391165809229555,35.21497344970703,39.40580749511719,46.43996124267578,46.68049621582031,30.963866725112453,35.21497344970703,12.498356353094387,12.095260439497052,13.043424144230295,5109.038009643555,0.6598604055856342,202.61355590820312,230.16441345214844,27.550857543945312,13.59773654782893,0.07965195178985596,71.15697479248047,31.601364135742188
S_37,csv_vs_pred,True,,172.0,2.0,173.0,0.0,255.0,2.0,173.0,29.647732712501703,33.16774488076416,31.903701782226562,41.47640609741211,50.40238800048828,51.242218017578125,29.647732712501703,31.903701782226562,14.869809867093577,11.581145590820977,12.9561503440485,5099.410026550293,0.4875056897905447,202.61355590820312,281.6300964355469,79.01654052734375,38.99864457205589,0.11139964312314987,83.1658706665039,30.226436614990234
S_37,target_vs_pred,True,,221.0,9.0,229.0,0.0,255.0,9.0,229.0,11.135868711169488,15.20152657010084,5.3446807861328125,20.740310668945312,29.802101135253906,30.907936096191406,-7.741848803213818,-2.171661376953125,13.08243812023044,4.349948715300581,5.938096316445641,2461.026985168457,0.17807030827675274,230.16441345214844,281.6300964355469,51.46568298339844,22.360399772166428,0.08154861629009247,44.77515411376953,11.967573165893555
S_38,csv_vs_target,True,,200.0,4.0,255.0,28.0,227.0,28.0,227.0,22.524127922058106,28.4218769327609,15.58536148071289,36.158565521240234,52.805611801147435,66.03085327148438,-18.399900093078614,-15.58536148071289,21.662104351741352,8.798487469553947,11.102295676859725,4504.825584411621,0.8201910120410315,349.55230712890625,218.23788452148438,-131.31442260742188,-37.56645856016041,0.13168704509735107,81.17649841308594,22.258663177490234
S_38,csv_vs_pred,True,,252.0,4.0,255.0,0.0,255.0,4.0,255.0,34.21923979501876,38.63460902174052,34.57844924926758,48.90217208862305,61.92903022766113,66.06639099121094,5.626282949296255,-2.717926025390625,38.22274132551474,13.366890544929202,15.091644149117393,8623.248428344727,0.06142730634346765,349.55230712890625,277.35260009765625,-72.19970703125,-20.6549078797981,0.1786428689956665,55.016361236572266,28.396406173706055
S_38,target_vs_pred,True,,200.0,28.0,227.0,0.0,255.0,28.0,227.0,35.020086975097655,39.00368430885402,41.842124938964844,49.79775810241699,53.91527824401855,54.95542907714844,34.93615585327149,41.842124938964844,17.342214502786835,13.679721474647522,15.2358141831461,7004.017395019531,0.62759131886573,218.23788452148438,277.35260009765625,59.114715576171875,27.087283998871246,0.0835452452301979,56.55183029174805,32.491119384765625
S_39,csv_vs_target,True,,146.0,24.0,177.0,32.0,217.0,32.0,177.0,34.41005952390906,36.277094502077595,34.87322998046875,45.28151893615723,50.78070259094238,50.99592590332031,34.41005952390906,34.87322998046875,11.488054190057778,13.441429501526978,14.17074003987406,5023.868690490723,0.8328786505831234,184.3472900390625,196.28860473632812,11.941314697265625,6.4776187890191075,0.08614923059940338,57.22702407836914,31.742435455322266
S_39,csv_vs_pred,True,,154.0,24.0,177.0,0.0,255.0,24.0,177.0,23.402817763291395,25.278986542663663,22.824180603027344,31.068710327148438,38.2425422668457,39.11503601074219,17.25911405489042,19.366958618164062,18.47025020578916,9.141725688785701,9.874604118227994,3604.033935546875,-0.43972239678921643,184.3472900390625,279.03814697265625,94.69085693359375,51.36547269471255,0.10815896838903427,79.74895477294922,25.333683013916016
S_39,target_vs_pred,True,,186.0,32.0,217.0,0.0,255.0,32.0,217.0,26.14736052482359,32.8480419731672,17.47555923461914,40.97004508972168,66.67681503295898,68.81645965576172,-26.14736052482359,-17.47555923461914,19.882389168705338,10.213812705009214,12.831266395768438,4863.4090576171875,-0.8232566102181282,196.28860473632812,279.03814697265625,82.74954223632812,42.1570790333289,0.08587916940450668,68.95214080810547,25.925588607788086
S_40,csv_vs_target,True,,169.0,38.0,208.0,40.0,217.0,40.0,208.0,3.7238041352943556,4.646070935711292,2.75994873046875,6.1542510986328125,8.573799133300781,8.660087585449219,3.3017228256315874,2.510467529296875,3.2687308733458873,1.4546109903493576,1.8148714592622235,629.3228988647461,0.9726175192676564,188.2064208984375,186.35260009765625,-1.85382080078125,-0.9849933874908202,0.04401450604200363,10.468934059143066,3.6119015216827393
S_40,csv_vs_pred,True,,171.0,38.0,208.0,0.0,255.0,38.0,208.0,9.15409230907061,12.591004664648352,4.534172058105469,16.88772201538086,24.975845336914062,25.691322326660156,6.8481568899768135,2.2931289672851562,10.565800758837904,3.575817308230707,4.918361197128263,1565.3497848510742,-0.5160103176261627,188.2064208984375,265.0686340332031,76.86221313476562,40.83931502643001,0.06579340994358063,53.090660095214844,11.23228645324707
S_40,target_vs_pred,True,,178.0,40.0,217.0,0.0,255.0,40.0,217.0,7.059739102138562,8.851063225433007,5.670234680175781,11.833820343017578,16.657655334472658,17.240928649902344,2.8571628184800737,-0.4329948425292969,8.377227515670537,2.757710586772876,3.4574465724347685,1256.633560180664,-0.4829243360018549,186.35260009765625,265.0686340332031,78.71603393554688,42.240373297755156,0.03448595479130745,48.43855667114258,9.502769470214844
S_41,csv_vs_target,True,,135.0,6.0,144.0,10.0,189.0,10.0,144.0,22.62082169144242,26.380220489222083,22.98578643798828,31.3873291015625,50.31239013671875,54.168128967285156,19.748466774269385,22.98578643798828,17.490400027602302,8.836258473219695,10.304773628602376,3053.8109283447266,0.8380867351168113,216.40542602539062,205.3533477783203,-11.052078247070312,-5.107116974628386,0.10759636014699936,52.69139862060547,21.20578384399414
S_41,csv_vs_pred,True,,139.0,6.0,144.0,0.0,255.0,6.0,144.0,29.64403050923519,34.46723003489498,28.319297790527344,42.852783203125,55.99414291381836,56.87944793701172,18.911158445070114,20.350509643554688,28.81593365733306,11.579699417669996,13.463761732380853,4120.520240783691,0.5384984475486722,216.40542602539062,296.67449951171875,80.26907348632812,37.09198745931677,0.2159649133682251,111.3187255859375,31.58460235595703
S_41,target_vs_pred,True,,180.0,10.0,189.0,0.0,255.0,10.0,189.0,20.213595581054687,23.166657980414232,20.731021881103516,30.8175048828125,35.20558509826658,40.217430114746094,-8.521717241075304,-14.321002960205078,21.542385597808114,7.895935773849487,9.04947577359931,3638.4472045898438,0.5321352255072257,205.3533477783203,296.67449951171875,91.32115173339844,44.470252234471936,0.1768890768289566,68.67866516113281,20.534923553466797
S_42,csv_vs_target,True,,118.0,34.0,161.0,33.0,151.0,34.0,151.0,8.704409065893142,10.857070925776997,7.910942077636719,13.941963195800781,20.0816650390625,20.411209106445312,-5.282356132895259,-3.79449462890625,9.485394181193318,3.4001597913645085,4.24104333038164,1027.1202697753906,0.8628413721568261,150.8684539794922,119.98078155517578,-30.887672424316406,-20.473247791395604,0.058107342571020126,20.260313034057617,7.974300384521484
S_42,csv_vs_pred,True,,128.0,34.0,161.0,0.0,255.0,34.0,161.0,38.90509116649628,41.174012274704126,36.31312561035156,47.22218322753906,64.1173168182373,65.60713195800781,-38.90509116649628,-36.31312561035156,13.47936082030968,15.197301236912608,16.0835985448063,4979.851669311523,0.19534316758081885,150.8684539794922,280.0362243652344,129.1677703857422,85.61615564426647,0.10497727990150452,95.67491149902344,39.22455596923828
S_42,target_vs_pred,True,,119.0,33.0,151.0,0.0,255.0,33.0,151.0,35.30695881563074,35.54098664817142,33.88496398925781,37.62861251831055,44.17777862548828,45.2255859375,-35.30695881563074,-33.88496398925781,4.071902640885889,13.791780787355759,13.88319790944196,4201.528099060059,0.4996493461718791,119.98078155517578,280.0362243652344,160.0554428100586,133.40090031261676,0.08765856921672821,107.29974365234375,40.06431579589844
S_43,csv_vs_target,True,,129.0,5.0,140.0,12.0,203.0,12.0,140.0,35.97953305503194,37.57071032200569,39.48725128173828,45.55451202392578,49.53124237060547,50.935333251953125,35.97953305503194,39.48725128173828,10.81810867212603,14.054505099621853,14.676058719533472,4641.359764099121,-0.1943345601962381,158.5840606689453,197.25436401367188,38.67030334472656,24.384735249663517,0.07633411884307861,74.43576049804688,37.245994567871094
S_43,csv_vs_pred,True,,136.0,5.0,140.0,0.0,255.0,5.0,140.0,51.08575187009924,52.204967174962405,47.57280349731445,57.721052169799805,73.67045402526855,75.44083404541016,51.08575187009924,47.57280349731445,10.75195580373891,19.955371824257515,20.39256530271969,6947.662254333496,-0.15590253243847557,158.5840606689453,294.07757568359375,135.49351501464844,85.43955453944147,0.1348983347415924,129.61428833007812,56.44751739501953
S_43,target_vs_pred,True,,192.0,12.0,203.0,0.0,255.0,12.0,203.0,17.727749745051067,19.048743882496293,20.240676879882812,21.647512435913086,26.595898056030272,32.04570007324219,17.727749745051067,20.240676879882812,6.970045371285743,6.924902244160573,7.440915579100114,3403.7279510498047,0.2757834600109013,197.25436401367188,294.07757568359375,96.82321166992188,49.08545985745716,0.10741391777992249,55.766021728515625,17.867294311523438
S_44,csv_vs_target,True,,112.0,79.0,255.0,45.0,190.0,79.0,190.0,115.78304604121617,118.70231777844042,110.53861999511719,143.40536499023438,153.09397926330567,153.3784942626953,-115.78304604121617,-110.53861999511719,26.163457252272075,45.227752359850065,46.368092882203285,12967.701156616211,-0.2781459365462632,245.66973876953125,183.40367126464844,-62.26606750488281,-25.34543644415301,0.06225739046931267,153.3784942626953,94.51727294921875
S_44,csv_vs_pred,True,,177.0,79.0,255.0,0.0,255.0,79.0,255.0,110.67446045956369,113.95860080947854,118.12411499023438,130.10894775390625,151.84474487304686,159.26150512695312,-110.67446045956369,-118.12411499023438,27.161121118955236,43.232211117017066,44.515078441202554,19589.379501342773,-0.08314818223759836,245.66973876953125,365.5294189453125,119.85968017578125,48.78894762180931,0.21404831111431122,159.00259399414062,103.23880004882812
S_44,target_vs_pred,True,,146.0,45.0,190.0,0.0,255.0,45.0,190.0,20.332204270036254,24.38771752226915,16.174232482910156,34.379234313964844,40.793344497680664,41.803436279296875,-7.938917342930624,3.925128936767578,23.059365935951256,7.942267292982912,9.526452157136386,2968.501823425293,0.25486922345227936,183.40367126464844,365.5294189453125,182.12574768066406,99.303218095307,0.2219332605600357,75.60663604736328,21.063806533813477
S_45,csv_vs_target,True,,49.0,150.0,255.0,45.0,198.0,150.0,198.0,118.10547342105788,118.1141954546002,118.08685302734375,118.98971557617188,120.72663269042968,121.36387634277344,-118.10547342105788,-118.08685302734375,1.4353800455945285,46.13495055510074,46.13835759945321,5787.168197631836,,105.0,159.12857055664062,54.128570556640625,51.55101957284336,0.015389890410006046,157.95252990722656,126.66047668457031
S_45,csv_vs_pred,True,,106.0,150.0,255.0,0.0,255.0,150.0,255.0,125.90966912035672,125.92632845566116,125.13042449951172,127.9052734375,128.99512481689453,129.3349151611328,-125.90966912035672,-125.13042449951172,2.0482725222365072,49.183464500139344,49.189972052992644,13346.424926757812,,105.0,265.5827941894531,160.58279418945312,152.9359944515805,0.04797831177711487,198.69639587402344,133.46157836914062
S_45,target_vs_pred,True,,154.0,45.0,198.0,0.0,255.0,45.0,198.0,5.207512892685927,5.897818887355913,4.442562103271484,8.220170974731445,9.330813598632812,9.4564208984375,-4.375092444481788,-4.3704986572265625,3.9551022401817275,2.0341847237054402,2.3038355028734037,801.9569854736328,0.7800089775759137,159.12857055664062,265.5827941894531,106.4542236328125,66.89824665284169,0.06495106965303421,57.91149139404297,9.736400604248047
S_46,csv_vs_target,True,,168.0,2.0,175.0,8.0,196.0,8.0,175.0,13.900645483107795,16.27917055691332,13.833709716796875,19.91524887084961,28.146890258789064,28.837432861328125,13.622645605178107,13.833709716796875,8.912627039027,5.429939641838982,6.359050998794266,2335.3084411621094,0.7577422757019981,235.7299346923828,202.31292724609375,-33.41700744628906,-14.175971112230268,0.17503884434700012,28.306499481201172,11.82208251953125
S_46,csv_vs_pred,True,,174.0,2.0,175.0,0.0,255.0,2.0,175.0,12.593639286085107,16.86670264215418,8.650222778320312,20.14240074157715,34.39346275329589,35.52819061279297,12.188458102873001,8.650222778320312,11.65877982866819,4.919390346126995,6.588555719591477,2191.2932357788086,0.5263232276766595,235.7299346923828,268.267822265625,32.53788757324219,13.803035925124398,0.18447379767894745,80.95454406738281,15.743765830993652
S_46,target_vs_pred,True,,189.0,8.0,196.0,0.0,255.0,8.0,196.0,4.828489919188161,5.823261788948258,3.61236572265625,6.905921936035156,11.49102783203125,11.820770263671875,-0.30428431273768186,1.4742965698242188,5.815306433855969,1.8861288746828755,2.2747116363079134,912.5845947265625,0.7591942581033069,202.31292724609375,268.267822265625,65.95489501953125,32.60043533255963,0.055884599685668945,60.01141357421875,7.900014400482178
S_47,csv_vs_target,True,,126.0,41.0,170.0,45.0,174.0,45.0,170.0,16.981817881266277,21.34856596484664,12.630508422851562,22.265380859375,42.53298902511597,42.799739837646484,5.722234514024523,-2.3109207153320312,20.567384396707205,6.633522609869639,8.339283580018218,2139.709053039551,0.9327375923338551,269.7594299316406,174.78842163085938,-94.97100830078125,-35.205815908391834,0.1832033097743988,42.799739837646484,10.378829956054688
S_47,csv_vs_pred,True,,130.0,41.0,170.0,0.0,255.0,41.0,170.0,41.48028552715595,54.86049657994763,26.136459350585938,73.09192848205566,105.50346078872681,106.41457557678223,41.3763668353741,26.136459350585938,36.0231918700023,16.203236534045292,21.429881476542043,5392.437118530273,0.10603423991932852,269.7594299316406,272.26806640625,2.508636474609375,0.9299532087356834,0.17194579541683197,93.47193908691406,32.64616394042969
S_47,target_vs_pred,True,,130.0,45.0,174.0,0.0,255.0,45.0,174.0,35.50452599158654,40.95599210949734,30.089889526367188,58.66518974304199,62.77707939147949,63.97737121582031,35.50452599158654,30.089889526367188,20.41621717620491,13.868955465463491,15.998434417772398,4615.58837890625,-0.06539963207610748,174.78842163085938,272.26806640625,97.47964477539062,55.770081256116406,0.0987917110323906,81.00887298583984,31.15231704711914
S_48,csv_vs_target,True,,180.0,7.0,192.0,13.0,212.0,13.0,192.0,21.079391288757325,23.007768631772148,21.426605224609375,24.62643051147461,39.173065376281734,41.05015563964844,13.672206942240397,19.92296600341797,18.504814906983317,8.23413722217083,8.987409621785995,3794.2904319763184,0.7172208815134662,274.9830322265625,239.55694580078125,-35.42608642578125,-12.883008139682191,0.1228787750005722,38.795352935791016,16.723459243774414
S_48,csv_vs_pred,True,,186.0,7.0,192.0,0.0,255.0,7.0,192.0,25.71297764521773,34.62195489174499,15.081809997558594,40.38381385803223,71.0781478881836,73.11101531982422,24.23612211083853,15.081809997558594,24.724282508387347,10.044131892663176,13.524201129587887,4782.613842010498,0.5469908393427395,274.9830322265625,274.6796875,-0.3033447265625,-0.11031397977368236,0.13919813930988312,71.2701416015625,22.126506805419922
S_48,target_vs_pred,True,,200.0,13.0,212.0,0.0,255.0,13.0,212.0,17.564429817199706,21.00751020633747,15.285446166992188,30.26819610595703,35.2176456451416,36.383140563964844,8.554702644348145,3.9165077209472656,19.18678054641153,6.861105397343635,8.206058674350574,3512.8859634399414,0.49116453268093274,239.55694580078125,274.6796875,35.12274169921875,14.66154178095138,0.10038545727729797,46.99410629272461,16.476158142089844
S_49,csv_vs_target,True,,132.0,42.0,174.0,43.0,177.0,43.0,174.0,13.59161191998106,19.771681295232263,6.773963928222656,25.406240463256836,41.146717071533196,41.99463653564453,10.261403632886482,0.79339599609375,16.900383922361684,5.309223406242602,7.723313005950103,1794.0927734375,0.889288427801609,192.08511352539062,135.94424438476562,-56.140869140625,-29.22707965616573,0.10260645300149918,41.632808685302734,10.43273639678955
S_49,csv_vs_pred,True,,133.0,42.0,174.0,0.0,255.0,42.0,174.0,22.557079171775875,24.923229116152662,25.120277404785156,30.714447021484375,37.6021484375,39.51347351074219,-15.428514810433064,-25.120277404785156,19.573662925484523,8.811359051474952,9.735636373497133,3000.0915298461914,0.31194480500104227,192.08511352539062,269.095947265625,77.01083374023438,40.09203645343685,0.11536855250597,91.77930450439453,28.35760498046875
S_49,target_vs_pred,True,,135.0,43.0,177.0,0.0,255.0,43.0,177.0,25.637384202745224,25.82473861609972,26.052597045898438,28.155635833740234,29.999301147460937,30.0574951171875,-25.637384202745224,-26.052597045898438,3.1051015813820793,10.014603204197353,10.087788521913952,3461.0468673706055,0.5426802483479813,135.94424438476562,269.095947265625,133.15170288085938,97.9458185035057,0.0434524267911911,85.03089141845703,31.072837829589844
S_50,csv_vs_target,True,,124.0,9.0,136.0,13.0,192.0,13.0,136.0,41.85605098355201,43.95538562663578,44.94268798828125,52.27831840515137,59.66772308349609,60.36003112792969,41.85605098355201,44.94268798828125,13.42188219470556,16.350019915450005,17.1700725104046,5190.150321960449,0.07900544880320622,173.9777069091797,184.64910888671875,10.671401977539062,6.133775508661232,0.12292372435331345,62.627532958984375,39.20823669433594
S_50,csv_vs_pred,True,,128.0,9.0,136.0,0.0,255.0,9.0,136.0,26.680718302726746,31.30578712983251,25.894638061523438,37.19091796875,60.5213150024414,63.69231414794922,26.663451552391052,25.894638061523438,16.404653581581115,10.422155587002635,12.228823097590825,3415.1319427490234,-0.393488701521503,173.9777069091797,302.98846435546875,129.01075744628906,74.15361412150365,0.17444878816604614,128.32391357421875,35.641326904296875
S_50,target_vs_pred,True,,180.0,13.0,192.0,0.0,255.0,13.0,192.0,13.435638766818576,15.05391439248108,16.79888916015625,19.37485122680664,20.46047248840332,21.49127197265625,-8.712511020236546,-16.549903869628906,12.276501548014634,5.2482963932885065,5.880435309562921,2418.4149780273438,-0.06299368367877832,184.64910888671875,302.98846435546875,118.33935546875,64.08877691088219,0.12177979946136475,66.09288024902344,16.747756958007812
S_51,csv_vs_target,True,,132.0,29.0,160.0,28.0,175.0,29.0,160.0,18.85464517997973,25.643200867407433,10.592342376708984,34.08719444274902,51.318172454833984,51.74864196777344,18.633070801243637,10.592342376708984,17.617673604708628,7.365095773429582,10.016875338831028,2488.813163757324,0.5216073965040195,189.35162353515625,150.69161987304688,-38.660003662109375,-20.41704366632473,0.10677443444728851,48.572120666503906,14.606305122375488
S_51,csv_vs_pred,True,,132.0,29.0,160.0,0.0,255.0,29.0,160.0,29.049357905532375,32.483465969572904,21.388988494873047,40.87612533569336,56.672048187255854,57.926910400390625,29.049357905532375,21.388988494873047,14.536518382084632,11.347405431848584,12.688853894364415,3834.5152435302734,0.7842158956368408,189.35162353515625,293.95263671875,104.60101318359375,55.24167748086336,0.12563657760620117,95.11793518066406,29.664276123046875
S_51,target_vs_pred,True,,148.0,28.0,175.0,0.0,255.0,28.0,175.0,10.52529494826858,11.459053360317082,9.81533432006836,12.901826858520508,20.98425636291504,22.898521423339844,10.52529494826858,9.81533432006836,4.530791339991954,4.111443339167415,4.47619271887386,1557.74365234375,0.8345874869006533,150.69161987304688,293.95263671875,143.26101684570312,95.06900049046476,0.10248900949954987,80.0501708984375,14.856206893920898
S_52,csv_vs_target,True,,147.0,6.0,156.0,10.0,188.0,10.0,156.0,29.242188615863824,34.78998284234527,26.071395874023438,39.932254791259766,64.2010269165039,65.39948654174805,24.453007470993768,26.071395874023438,24.74658222450528,11.422729928071806,13.58983704779112,4298.601726531982,0.7032179638437568,301.88092041015625,218.77557373046875,-83.1053466796875,-27.52918156073657,0.2679547071456909,63.041648864746094,21.186687469482422
S_52,csv_vs_pred,True,,151.0,6.0,156.0,0.0,255.0,6.0,156.0,30.69680758343627,40.42423111032896,17.111038208007812,52.0504150390625,78.14839935302734,79.25386810302734,25.220670914807858,13.7940673828125,31.59171124627871,11.990940462279793,15.79071527747225,4635.217945098877,0.4090736505381017,301.88092041015625,294.8257141113281,-7.055206298828125,-2.3370825453323536,0.322508305311203,99.08381652832031,27.889381408691406
S_52,target_vs_pred,True,,179.0,10.0,188.0,0.0,255.0,10.0,188.0,13.935700656315468,14.688448299599557,14.279693603515625,17.373035430908203,19.905391693115234,21.103225708007812,-1.7449859107672836,-6.584556579589844,14.584427915459447,5.44363306887323,5.737675117031077,2494.4904174804688,0.8413252430462673,218.77557373046875,294.8257141113281,76.05014038085938,34.76171451895123,0.15865258872509003,70.85843658447266,16.342529296875
S_53,csv_vs_target,True,,189.0,3.0,226.0,28.0,216.0,28.0,216.0,7.203493229295842,9.341540911848599,5.8437042236328125,8.95550537109375,21.714762878417968,23.74974822998047,3.5761906053654102,0.9225692749023438,8.629904249864962,2.8138645426936884,3.649039418690859,1361.460220336914,0.9685295318449434,264.02899169921875,212.9641876220703,-51.06480407714844,-19.340604888340174,0.07149167358875275,31.040088653564453,6.858527660369873
S_53,csv_vs_pred,True,,224.0,3.0,226.0,0.0,255.0,3.0,226.0,24.77038679804121,28.747932712026874,23.98906707763672,37.56899833679199,47.5162052154541,50.58678436279297,17.30519073350089,23.98906707763672,22.95591446430265,9.675932342984847,11.229661215635497,5548.5666427612305,0.582671006772323,264.02899169921875,276.80078125,12.77178955078125,4.837267857632512,0.09256397187709808,43.71150207519531,22.470256805419922
S_53,target_vs_pred,True,,189.0,28.0,216.0,0.0,255.0,28.0,216.0,21.352762535135582,23.6657906741023,26.696243286132812,29.05950927734375,33.01773223876953,34.156700134277344,16.541935189060432,26.696243286132812,16.924361980037876,8.340922865287336,9.24444948207121,4035.672119140625,0.6587337667694771,212.9641876220703,276.80078125,63.83659362792969,29.975271588018174,0.06299836933612823,51.47459030151367,21.439586639404297
S_54,csv_vs_target,True,,95.0,24.0,126.0,32.0,156.0,32.0,126.0,22.568089455052426,24.966059899625822,24.377098083496094,31.92535400390625,36.973863983154295,37.321006774902344,14.6840551275956,24.377098083496094,20.191153308353584,8.815659943379854,9.752367148291336,2143.9684982299805,0.7990710613651633,178.95486450195312,144.4001007080078,-34.55476379394531,-19.30920620022445,0.15526874363422394,41.95093536376953,19.3729248046875
S_54,csv_vs_pred,True,,103.0,24.0,126.0,0.0,255.0,24.0,126.0,32.0707129321052,36.957271084841004,37.46308135986328,49.032569885253906,55.8402587890625,56.33953094482422,23.933882333699938,37.46308135986328,28.160418364701737,12.527622239103595,14.436434017516017,3303.283432006836,0.25093607335584056,178.95486450195312,274.94915771484375,95.99429321289062,53.6416226933461,0.22110240161418915,129.0067901611328,37.175621032714844
S_54,target_vs_pred,True,,125.0,32.0,156.0,0.0,255.0,32.0,156.0,15.276288330078126,17.397594758735487,18.20648956298828,19.393966674804688,26.282330322265626,26.995101928710938,-0.002631591796875,1.14434814453125,17.39759455970581,5.967300128936768,6.795935452631049,1909.5360412597656,0.6906424590215026,144.4001007080078,274.94915771484375,130.54905700683594,90.40787115639141,0.09421342611312866,103.63512420654297,24.41586685180664
S_55,csv_vs_target,True,,129.0,10.0,148.0,20.0,210.0,20.0,148.0,31.144147311070167,36.223989322839756,32.279266357421875,48.06951141357422,58.434367370605464,59.342376708984375,28.16874578017597,32.279266357421875,22.774967917277667,12.165682543386785,14.14999582923428,4017.5950031280518,0.31828497365079167,210.78021240234375,217.59657287597656,6.8163604736328125,3.233871147400756,0.10334204137325287,74.2646255493164,27.617952346801758
S_55,csv_vs_pred,True,,139.0,10.0,148.0,0.0,255.0,10.0,148.0,52.45072636501395,57.19865169904409,45.14405822753906,74.57181549072266,88.36474075317382,89.45802879333496,52.45072636501395,45.14405822753906,22.816815289846875,20.488564986333575,22.3432233199391,7290.6509647369385,0.2015613618604671,210.78021240234375,273.45062255859375,62.67041015625,29.732587057863636,0.13404595851898193,108.91034698486328,49.75324249267578
S_55,target_vs_pred,True,,191.0,20.0,210.0,0.0,255.0,20.0,210.0,22.20184006616083,24.07381390409835,25.75702667236328,30.396835327148438,33.67008972167969,34.57239532470703,21.058784844363547,25.75702667236328,11.665165955440296,8.672593775844074,9.403833556288419,4240.551452636719,0.8630994427928218,217.59657287597656,273.45062255859375,55.85404968261719,25.66862563220857,0.06840696185827255,49.47917556762695,21.242534637451172
S_56,csv_vs_target,True,,129.0,2.0,132.0,4.0,179.0,4.0,132.0,42.981612508611164,43.38665936733652,43.954627990722656,47.48866271972656,50.373306274414055,55.877525329589844,42.981612508611164,43.954627990722656,5.914659518255495,16.789692386176235,16.94791381536583,5544.62801361084,0.5479308555605681,147.3779296875,176.62989807128906,29.251968383789062,19.84826930587916,0.07032311707735062,67.7813720703125,42.8157958984375
S_56,csv_vs_pred,True,,131.0,2.0,132.0,0.0,255.0,2.0,132.0,41.01925950377952,41.65257090040421,39.87953186035156,47.45097732543945,52.96501541137695,57.304046630859375,41.01925950377952,39.87953186035156,7.23581456194067,16.023148243663876,16.270535507970393,5373.522994995117,0.19166034532838666,147.3779296875,285.9975891113281,138.61965942382812,94.05727147093963,0.1432172805070877,147.6509246826172,52.00190734863281
S_56,target_vs_pred,True,,176.0,4.0,179.0,0.0,255.0,4.0,179.0,4.474891012365168,5.628123805632993,4.498287200927734,7.238302230834961,9.68935775756836,11.070564270019531,0.5205029140819203,0.6426734924316406,5.604003416127173,1.7480043017051436,2.1984858615753877,787.5808181762695,0.5386383727364574,176.62989807128906,285.9975891113281,109.36769104003906,61.91912707196693,0.08748498558998108,82.79225158691406,11.278826713562012
S_57,csv_vs_target,True,,187.0,8.0,197.0,11.0,211.0,11.0,197.0,19.93860387547131,22.269133517083432,18.157493591308594,25.700546264648438,39.07019271850586,42.61509323120117,13.63453831392176,16.541343688964844,17.60720513221472,7.78851713885598,8.698880280110716,3728.5189247131348,0.8124873777281592,327.5274353027344,247.26470947265625,-80.26272583007812,-24.50564965754412,0.2262088507413864,42.61210250854492,14.904136657714844
S_57,csv_vs_pred,True,,190.0,8.0,197.0,0.0,255.0,8.0,197.0,26.048189885992752,34.7842513815114,16.24136734008789,43.83693504333496,71.78626346588133,74.88131332397461,19.412934453863848,11.076286315917969,28.8631619900205,10.175074174215919,13.587598195902892,4949.156078338623,0.31595779396424356,327.5274353027344,279.00823974609375,-48.519195556640625,-14.813780564767907,0.22511307895183563,72.83283996582031,20.8116455078125
S_57,target_vs_pred,True,,201.0,11.0,211.0,0.0,255.0,11.0,211.0,19.218125718149974,22.005945864057995,20.069427490234375,29.287017822265625,33.842063903808594,37.202789306640625,4.662366610854419,-1.9453887939453125,21.506370938813482,7.507080358652334,8.596072603147654,3862.8432693481445,0.23603945413538982,247.26470947265625,279.00823974609375,31.7435302734375,12.837873362459785,0.11015181243419647,48.041996002197266,17.744422912597656
S_58,csv_vs_target,True,,92.0,56.0,157.0,66.0,165.0,66.0,157.0,24.240787423175313,30.305152359246147,18.389080047607422,42.1382942199707,54.709367179870604,55.850704193115234,17.569814018581223,14.1490478515625,24.692182869677378,9.469057587177856,11.837950140330527,2230.152442932129,0.8530519334988167,221.18394470214844,134.08103942871094,-87.1029052734375,-39.380301941352165,0.20473147928714752,51.54921340942383,14.819524765014648
S_58,csv_vs_pred,True,,102.0,56.0,157.0,0.0,255.0,56.0,157.0,33.73499133540135,42.24631852837726,23.11068344116211,58.000271797180176,76.38135719299316,77.84039306640625,29.423364078297336,23.11068344116211,30.315294415807237,13.17773099039115,16.502468175147367,3440.9691162109375,0.8588305050672556,221.18394470214844,306.8733825683594,85.68943786621094,38.74125582565599,0.26062631607055664,98.30731201171875,33.79620361328125
S_58,target_vs_pred,True,,100.0,66.0,165.0,0.0,255.0,66.0,165.0,20.693307342529298,22.0368628017929,20.5882568359375,24.690717697143555,35.679921722412104,38.854583740234375,8.943384246826172,17.901336669921875,20.14048659686913,8.083323180675507,8.608149531950351,2069.3307342529297,0.5132653192678461,134.08103942871094,306.8733825683594,172.79234313964844,128.87157189636244,0.15259084105491638,95.73675537109375,29.35116958618164
S_59,csv_vs_target,True,,219.0,3.0,225.0,3.0,221.0,3.0,221.0,10.555048154369336,13.766990492599309,6.486846923828125,17.58599853515625,26.54890785217285,27.881393432617188,6.126350246063651,2.8944625854492188,12.328741212543786,4.123065685300522,5.377730661171605,2311.5555458068848,0.9734356320901228,321.05743408203125,261.8164367675781,-59.240997314453125,-18.451837903081124,0.15165814757347107,27.286842346191406,8.400148391723633
S_59,csv_vs_pred,True,,223.0,3.0,225.0,0.0,255.0,3.0,225.0,28.351891812722243,33.75026679460493,32.28538513183594,44.524417877197266,51.897226333618164,54.789466857910156,17.168099356339116,17.07683563232422,29.05747534108703,11.074957739344626,13.183697966642551,6322.471874237061,0.6225750027231662,321.05743408203125,301.427001953125,-19.63043212890625,-6.114305430871655,0.18145132064819336,47.55133819580078,22.113189697265625
S_59,target_vs_pred,True,,219.0,3.0,221.0,0.0,255.0,3.0,221.0,20.923174644714077,24.057918529833195,22.84027099609375,31.976531982421875,36.26593856811523,37.79069519042969,11.978849297789134,18.3072509765625,20.863619376535514,8.173115095591436,9.397624425716092,4582.175247192383,0.5147294533039669,261.8164367675781,301.427001953125,39.610565185546875,15.129136150912245,0.09807609021663666,52.402889251708984,18.722230911254883
S_60,csv_vs_target,True,,117.0,58.0,176.0,60.0,184.0,60.0,176.0,6.663699093028011,8.162230677786553,5.450347900390625,10.407699584960938,15.190496826171874,15.589553833007812,1.6277351705437033,1.6746673583984375,7.998280305914202,2.603007458214067,3.1883713585103726,779.6527938842773,0.9475247427856939,194.80288696289062,168.79550170898438,-26.00738525390625,-13.350615926716484,0.12769992649555206,15.458038330078125,4.60008430480957
S_60,csv_vs_pred,True,,119.0,58.0,176.0,0.0,255.0,58.0,176.0,17.961311789119947,24.283479705290798,8.680747985839844,30.42581558227539,49.37143249511718,50.75262451171875,13.713696519867712,7.6102447509765625,20.040506838856103,7.016137417624979,9.485734259879218,2137.3961029052734,0.786882483937584,194.80288696289062,263.6606140136719,68.85772705078125,35.34738530870115,0.14757651090621948,80.01453399658203,20.82801055908203
S_60,target_vs_pred,True,,125.0,60.0,184.0,0.0,255.0,60.0,184.0,16.241835388183596,20.0463936471612,12.86383056640625,27.73981475830078,35.30974578857422,35.50944519042969,10.763027526855469,8.861251831054688,16.911982045670946,6.344466948509217,7.830622518422343,2030.2294235229492,0.6287333214728749,168.79550170898438,263.6606140136719,94.8651123046875,56.20120876362077,0.057046402245759964,73.36512756347656,19.93107795715332
S_61,csv_vs_target,True,,140.0,10.0,152.0,13.0,198.0,13.0,152.0,22.648332486833844,23.961049958458062,22.235416412353516,29.09224033355713,34.173083496093746,34.89577102661133,14.28341418675014,22.235416412353516,19.238398953173522,8.84700487766947,9.35978514002268,3170.7665481567383,0.40703794736282856,206.68206787109375,221.5313720703125,14.84930419921875,7.1846117814931585,0.15253551304340363,48.2193717956543,19.350515365600586
S_61,csv_vs_pred,True,,143.0,10.0,152.0,0.0,255.0,10.0,152.0,39.346658506593506,42.799307265652814,37.27356719970703,54.626190185546875,63.25915336608887,63.657657623291016,39.30867319173746,37.27356719970703,16.92952788251764,15.369788479138089,16.71847940064563,5626.572166442871,0.6185470147570308,206.68206787109375,294.38140869140625,87.6993408203125,42.43200279511757,0.2118755429983139,103.03311920166016,37.59925842285156
S_61,target_vs_pred,True,,186.0,13.0,198.0,0.0,255.0,13.0,198.0,21.30488032679404,25.503541751088267,16.882095336914062,30.66872215270996,48.332481384277344,51.417503356933594,18.33031254429971,16.882095336914062,17.732182152171546,8.322218877653922,9.962320996518855,3962.7077407836914,0.44556104534148544,221.5313720703125,294.38140869140625,72.85003662109375,32.88474943164401,0.13032077252864838,58.21841812133789,19.689395904541016
S_62,csv_vs_target,True,,166.0,35.0,200.0,32.0,202.0,35.0,200.0,5.232554102518472,6.152325142107665,4.949012756347656,7.275491714477539,11.65087890625,12.16632080078125,3.498815099877047,3.2256698608398438,5.060572848115365,2.0439664462962783,2.4032520086358065,868.6039810180664,0.8961852254638659,195.87840270996094,174.42416381835938,-21.454238891601562,-10.952835327268714,0.09537357091903687,12.01341438293457,4.851902484893799
S_62,csv_vs_pred,True,,166.0,35.0,200.0,0.0,255.0,35.0,200.0,7.9938136640801485,9.277418507714886,7.9675445556640625,11.132183074951172,17.058809280395508,17.95903778076172,-1.8634300691535675,-0.8831939697265625,9.088350925479553,3.122583462531308,3.6239916045761276,1326.9730682373047,-0.38878415165814995,195.87840270996094,271.51983642578125,75.64143371582031,38.61652569423984,0.1113404780626297,55.014137268066406,11.02367115020752
S_62,target_vs_pred,True,,171.0,32.0,202.0,0.0,255.0,32.0,202.0,5.767363654242621,7.246739368093811,4.674896240234375,10.02597427368164,12.825736999511719,13.28314208984375,-5.392967759517202,-4.674896240234375,4.840571269373969,2.252876427438524,2.830757565661645,986.2191848754883,-0.2526377415549928,174.42416381835938,271.51983642578125,97.09567260742188,55.666411394104806,0.03998713940382004,53.089324951171875,9.293821334838867
S_63,csv_vs_target,True,,119.0,5.0,128.0,10.0,195.0,10.0,128.0,37.7519263259503,39.86657685613163,34.5770263671875,47.94294738769531,61.85529556274414,62.675750732421875,37.7519263259503,34.5770263671875,12.811557629963302,14.746846221074335,15.572881584426417,4492.479232788086,0.03722108535043948,173.8784942626953,201.96664428710938,28.088150024414062,16.15389536348477,0.1752803772687912,93.44383239746094,37.343658447265625
S_63,csv_vs_pred,True,,124.0,5.0,128.0,0.0,255.0,5.0,128.0,38.61630261328913,40.65841526274761,37.808841705322266,47.97836685180664,58.48502464294433,60.199134826660156,38.61630261328913,37.808841705322266,12.723517758737449,15.084493208316067,15.882193462010786,4788.421524047852,0.07644367830561638,173.8784942626953,321.86920166015625,147.99070739746094,85.1115648410008,0.2025178223848343,128.08291625976562,42.09226608276367
S_63,target_vs_pred,True,,186.0,10.0,195.0,0.0,255.0,10.0,195.0,13.695632770497312,17.63135826106925,9.333545684814453,21.345903396606445,37.55027389526367,39.192108154296875,-7.660640675534484,-1.1628494262695312,15.8801567552251,5.349856550975512,6.8872493207301755,2547.3876953125,0.0937897806949159,201.96664428710938,321.86920166015625,119.90255737304688,59.36750486216944,0.11407122761011124,77.16094207763672,16.90985679626465
S_64,csv_vs_target,True,,111.0,44.0,160.0,50.0,167.0,50.0,160.0,10.581470867535016,13.171270204588843,10.688369750976562,17.949848175048828,22.4312744140625,22.842880249023438,5.954297246159734,4.23358154296875,11.748561746301734,4.133387057630865,5.145027423667517,1174.5432662963867,0.94180664359847,200.67095947265625,150.774658203125,-49.89630126953125,-24.86473448782395,0.10799263417720795,22.841014862060547,7.852728843688965
S_64,csv_vs_pred,True,,117.0,44.0,160.0,0.0,255.0,44.0,160.0,25.203989925547543,30.55407459605475,21.38079071044922,42.96136474609375,51.39088897705078,52.171348571777344,15.787092942457933,13.184524536132812,26.159494850770205,9.84530856466701,11.935185389083887,2948.8668212890625,0.5197109621636423,200.67095947265625,266.7362060546875,66.06524658203125,32.92217605993018,0.14441576600074768,97.74720001220703,28.169288635253906
S_64,target_vs_pred,True,,118.0,50.0,167.0,0.0,255.0,50.0,167.0,17.2676878460383,19.728792171527928,18.138351440429688,26.50583839416504,29.950774002075192,30.80994415283203,11.32558227797686,13.295661926269531,16.154145802614202,6.745190564858711,7.706559442003097,2037.5871658325195,0.46874743019700127,150.774658203125,266.7362060546875,115.9615478515625,76.91050288281667,0.05848217010498047,88.04476928710938,22.725147247314453
S_65,csv_vs_target,True,,129.0,10.0,149.0,21.0,199.0,21.0,149.0,33.078556400860926,38.49726614505611,25.775238037109375,50.99917221069336,68.06154708862304,68.83451843261719,27.439909365750097,25.775238037109375,27.00168281131203,12.921311094086299,15.037994587912543,4267.13377571106,0.5423340841595069,256.1858215332031,230.32431030273438,-25.86151123046875,-10.094825339936882,0.19281426072120667,63.40787887573242,25.028934478759766
S_65,csv_vs_pred,True,,140.0,10.0,149.0,0.0,255.0,10.0,149.0,43.43702284949166,50.59395442605636,32.291343688964844,67.78212642669678,89.30554704666136,91.62982559204102,43.43702284949166,32.291343688964844,25.941728362593864,16.96758705058268,19.763263447678263,6081.183198928833,0.7433826847275067,256.1858215332031,296.49481201171875,40.308990478515625,15.734278437309195,0.20202749967575073,106.42926025390625,38.123435974121094
S_65,target_vs_pred,True,,179.0,21.0,199.0,0.0,255.0,21.0,199.0,18.574122423566255,22.268130728580267,16.095977783203125,26.811267852783203,38.13450317382812,39.24839782714844,13.614532896926283,12.318389892578125,17.621411411792554,7.255516571705568,8.698488565851667,3324.7679138183594,0.6834325253014046,230.32431030273438,296.49481201171875,66.17050170898438,28.729273787529443,0.13078874349594116,63.2693977355957,17.666473388671875
S_66,csv_vs_target,True,,152.0,11.0,169.0,18.0,222.0,18.0,169.0,34.63822781412225,37.618860849724996,37.97344207763672,45.980215072631836,55.31690597534179,56.983787536621094,34.63822781412225,37.97344207763672,14.675553329532066,13.530557739891504,14.694867519423827,5265.010627746582,0.6750209342434722,205.50367736816406,211.09295654296875,5.5892791748046875,2.7197952105350405,0.10059794783592224,62.122703552246094,32.93482208251953
S_66,csv_vs_pred,True,,159.0,11.0,169.0,0.0,255.0,11.0,169.0,19.3761150911919,21.94144385457248,18.834518432617188,26.30065155029297,36.639756774902345,37.936790466308594,7.930464690586306,9.307952880859375,20.458120349013498,7.568794957496835,8.570876505692375,3080.8022994995117,-0.4483000406703903,205.50367736816406,274.36541748046875,68.86174011230469,33.50876295297947,0.1290769875049591,86.0444564819336,20.88982391357422
S_66,target_vs_pred,True,,205.0,18.0,222.0,0.0,255.0,18.0,222.0,28.012989323313644,28.795388437789793,29.777801513671875,33.580322265625,36.847592163085935,37.564781188964844,-28.012989323313644,-29.777801513671875,6.6668451650772464,10.942573954419393,11.248198608511638,5742.662811279297,0.36463865692063796,211.09295654296875,274.36541748046875,63.2724609375,29.97374330754768,0.08884165436029434,48.22990798950195,27.510616302490234
S_67,csv_vs_target,True,,136.0,14.0,152.0,17.0,186.0,17.0,152.0,20.95032279631671,23.883768651625672,18.360748291015625,27.60441017150879,43.23430252075195,45.4671745300293,12.829512455884148,14.688968658447266,20.145421692004632,8.183719842311215,9.329597129541279,2849.2439002990723,0.6889444184280873,261.0592041015625,213.9849395751953,-47.07426452636719,-18.032026369869037,0.29369258880615234,48.35111618041992,16.902206420898438
S_67,csv_vs_pred,True,,139.0,14.0,152.0,0.0,255.0,14.0,152.0,25.693848836336205,32.12162105727401,16.520523071289062,37.10716247558594,64.60415382385254,66.36721801757812,18.96655578064404,15.671600341796875,25.92428014751475,10.03665970169383,12.547508225497662,3571.4449882507324,0.3560671201678666,261.0592041015625,289.0142517089844,27.955047607421875,10.708317181368333,0.3183639347553253,103.18315124511719,27.048280715942383
S_67,target_vs_pred,True,,170.0,17.0,186.0,0.0,255.0,17.0,186.0,19.072142432717715,23.381060088238044,16.462650299072266,27.961700439453125,42.602621459960936,43.58636474609375,-3.3101127624511717,3.7359771728515625,23.145563815765126,7.450055637780357,9.133226596967987,3242.2642135620117,0.4914334385333953,213.9849395751953,289.0142517089844,75.02931213378906,35.062893808896824,0.0949845016002655,80.0194091796875,21.797672271728516
S_68,csv_vs_target,True,,147.0,50.0,196.0,47.0,201.0,50.0,196.0,3.048786241181043,3.6389810959765563,3.1866607666015625,4.5468902587890625,6.348783874511718,6.606292724609375,1.7178855947896736,1.9248504638671875,3.2079670353806424,1.190932125461345,1.4214769906158422,448.1715774536133,0.9292579505322379,165.3709259033203,162.8411865234375,-2.5297393798828125,-1.5297364793184887,0.0530601441860199,6.596592426300049,2.8950767517089844
S_68,csv_vs_pred,True,,147.0,50.0,196.0,0.0,255.0,50.0,196.0,10.757433002497875,12.206518270883858,10.207504272460938,15.827022552490234,20.38399887084961,21.38237762451172,-9.580513052388925,-10.207504272460938,7.563918161272432,4.202122266600732,4.768171199564007,1581.3426513671875,0.2918242212213865,165.3709259033203,262.28375244140625,96.91282653808594,58.603304058951146,0.06788662821054459,63.43828201293945,15.160850524902344
S_68,target_vs_pred,True,,155.0,47.0,201.0,0.0,255.0,47.0,201.0,11.822298406785535,12.448266336862819,12.378364562988281,14.944244384765625,17.280756378173827,17.886749267578125,-10.72206548875378,-12.378364562988281,6.324290193242813,4.6180853151506,4.8626040378370385,1832.4562530517578,0.4342412065087893,162.8411865234375,262.28375244140625,99.44256591796875,61.067207894330465,0.04110855609178543,58.623313903808594,15.497468948364258
S_69,csv_vs_target,True,,135.0,18.0,153.0,19.0,190.0,19.0,153.0,20.81951562386972,24.276519058628164,18.226211547851562,28.042423248291016,45.780052185058594,49.0247802734375,11.869850526032625,12.43829345703125,21.17678035239492,8.13262329057411,9.483015257276627,2810.634609222412,0.610941587938177,253.94989013671875,212.55052185058594,-41.39936828613281,-16.302180033318564,0.2775173485279083,53.9110221862793,17.455867767333984
S_69,csv_vs_pred,True,,136.0,18.0,153.0,0.0,255.0,18.0,153.0,25.08584681679221,30.751433073909208,17.09765625,33.84094429016113,61.87013816833496,64.78347778320312,17.009528749129352,13.6708984375,25.61887132236038,9.799158912809457,12.012278544495784,3411.6751670837402,0.2823564160781896,253.94989013671875,292.81640625,38.86651611328125,15.304797371964304,0.2993541359901428,102.22317504882812,26.771310806274414
S_69,target_vs_pred,True,,172.0,19.0,190.0,0.0,255.0,19.0,190.0,20.171703959620277,25.771043259524795,15.204994201660156,34.009300231933594,49.505295181274406,51.54966735839844,-6.086758547051009,4.246089935302734,25.041925666254176,7.879571859226671,10.066813773251873,3469.5330810546875,0.1849222985108207,212.55052185058594,292.81640625,80.26588439941406,37.76320269496269,0.10194160789251328,79.60771179199219,22.25296401977539
S_70,csv_vs_target,True,,143.0,30.0,174.0,32.0,181.0,32.0,174.0,14.236856260499755,18.674650499869674,10.342018127441406,26.356609344482422,34.965866851806645,35.42707824707031,10.309565777545208,4.464744567871094,15.5709802122651,5.561271976757717,7.2947853515115915,2035.8704452514648,0.8963499742311505,198.2177734375,157.95338439941406,-40.26438903808594,-20.313208214272656,0.06552743166685104,34.550331115722656,11.086868286132812
S_70,csv_vs_pred,True,,145.0,30.0,174.0,0.0,255.0,30.0,174.0,18.240202647242054,22.32084053092496,19.188682556152344,28.493560791015625,39.02656860351562,39.26097106933594,8.036185586863551,3.351959228515625,20.824016020462263,7.125079159078927,8.719078332392563,2644.8293838500977,0.6743435588353023,198.2177734375,264.6513671875,66.43359375,33.51545756697525,0.07014762610197067,86.2605209350586,20.73488998413086
S_70,target_vs_pred,True,,150.0,32.0,181.0,0.0,255.0,32.0,181.0,6.277874755859375,8.8085279815555,3.8572540283203125,5.596607208251953,20.374927902221675,21.300132751464844,-2.880037841796875,-0.9948768615722656,8.324394706623671,2.4522948265075684,3.440831242795117,941.6812133789062,0.44987023212293165,157.95338439941406,264.6513671875,106.69798278808594,67.55029858146345,0.05238380283117294,80.3042984008789,12.337313652038574
S_71,csv_vs_target,True,,130.0,10.0,153.0,24.0,203.0,24.0,153.0,30.562683193500224,36.1962767239799,32.88099670410156,45.66128635406494,60.872531509399415,61.27703857421875,25.822491073608397,32.88099670410156,25.36472754500516,11.938548122461025,14.139170595304648,3973.1488151550293,0.47934637583253753,238.0194091796875,211.7753448486328,-26.244064331054688,-11.026018600919938,0.13019610941410065,55.47169876098633,24.5769100189209
S_71,csv_vs_pred,True,,144.0,10.0,153.0,0.0,255.0,10.0,153.0,35.4375561343299,43.45692509319163,25.836002349853516,57.04426383972168,79.10833740234375,80.04274368286133,32.25340575642056,25.836002349853516,29.12425373579494,13.842795364972618,16.97536136452798,5103.008083343506,-0.21229049192845237,238.0194091796875,287.6758117675781,49.656402587890625,20.862333352116416,0.19030854105949402,102.03394317626953,33.533565521240234
S_71,target_vs_pred,True,,180.0,24.0,203.0,0.0,255.0,24.0,203.0,10.952295176188152,13.483092079652545,9.735389709472656,18.772687911987305,22.833000564575183,26.077659606933594,2.297581736246745,-0.042263031005859375,13.285890643598364,4.278240303198497,5.266832843614275,1971.4131317138672,0.8152310526639251,211.7753448486328,287.6758117675781,75.90046691894531,35.840086564189725,0.12332816421985626,58.02814865112305,12.876592636108398
S_72,csv_vs_target,True,,129.0,46.0,180.0,52.0,194.0,52.0,180.0,12.50193177452383,14.490270277766367,13.8165283203125,19.243865966796875,21.551777648925782,23.321319580078125,11.946662074835725,13.8165283203125,8.20031694463093,4.883567099423371,5.660261827252487,1612.7491989135742,0.8431061334273698,162.658447265625,145.42333984375,-17.235107421875,-10.595888323383589,0.08710287511348724,21.3646240234375,11.399102210998535
S_72,csv_vs_pred,True,,135.0,46.0,180.0,0.0,255.0,46.0,180.0,9.641861527054399,12.161838269246442,7.3719940185546875,15.060699462890625,22.989163970947267,24.3140869140625,-3.3872825339988424,2.0694122314453125,11.680609021886387,3.7663521590056246,4.750718073924391,1301.6513061523438,-0.6122583963029137,162.658447265625,269.1103210449219,106.45187377929688,65.44503255887719,0.1425701379776001,75.6003189086914,14.474651336669922
S_72,target_vs_pred,True,,143.0,52.0,194.0,0.0,255.0,52.0,194.0,14.544785666299033,15.376419923941253,13.753921508789062,18.039493560791016,23.734463500976563,26.164443969726562,-14.544785666299033,-13.753921508789062,4.988336355820419,5.68155690089806,6.006414032789552,2079.9043502807617,-0.435134117832115,145.42333984375,269.1103210449219,123.68698120117188,85.05304672933653,0.09049399942159653,61.02427673339844,17.762784957885742
S_73,csv_vs_target,True,,169.0,12.0,183.0,15.0,213.0,15.0,183.0,20.124771118164062,22.185517478407526,18.73767852783203,25.186561584472656,38.09014739990234,39.12799835205078,10.012780906180659,15.709243774414062,19.797510053275637,7.861238718032837,8.66621776500294,3401.0863189697266,0.7222621163845679,271.01385498046875,270.9278869628906,-0.085968017578125,-0.0317208939672654,0.16669459640979767,59.77141189575195,16.54709815979004
S_73,csv_vs_pred,True,,172.0,12.0,183.0,0.0,255.0,12.0,183.0,24.429788545120594,32.797287764682864,18.013442993164062,38.229196548461914,66.81818122863768,69.40535736083984,18.79611844794695,13.059833526611328,26.87690488151797,9.542886150437733,12.811440533079244,4201.923629760742,0.46716850028243034,271.01385498046875,285.3740234375,14.36016845703125,5.298684252705929,0.21507245302200317,72.69020080566406,21.893314361572266
S_73,target_vs_pred,True,,199.0,15.0,213.0,0.0,255.0,15.0,213.0,23.90838853078871,27.919625824884022,22.365631103515625,34.235572814941406,50.57577285766602,50.9600830078125,0.5032550294195587,3.5344696044921875,27.915089836446786,9.33921426983934,10.906103837845322,4757.769317626953,0.47772549216987087,270.9278869628906,285.3740234375,14.446136474609375,5.3320965353614085,0.09883733093738556,74.63069915771484,22.485958099365234
S_74,csv_vs_target,True,,137.0,38.0,178.0,38.0,174.0,38.0,174.0,11.992132702013002,14.492529608505459,12.588180541992188,19.310623168945312,23.991815185546873,24.49127197265625,-1.2968752227560447,-0.1402740478515625,14.434387036171952,4.684426836723829,5.661144378322445,1642.9221801757812,0.9421435769764782,250.84091186523438,164.3650665283203,-86.47584533691406,-34.47437847775256,0.1775701493024826,23.01238441467285,8.74929428100586
S_74,csv_vs_pred,True,,141.0,38.0,178.0,0.0,255.0,38.0,178.0,21.802769654186058,24.533223187090485,20.441322326660156,32.99684143066406,38.715576171875,39.34844207763672,-6.61198338718279,-13.121559143066406,23.625425194802585,8.51670689616643,9.58329030745722,3074.1905212402344,0.4111493123209416,250.84091186523438,288.8797607421875,38.038848876953125,15.164531412592394,0.2558238208293915,78.76232147216797,21.380970001220703
S_74,target_vs_pred,True,,137.0,38.0,174.0,0.0,255.0,38.0,174.0,11.683112429876397,12.64418396244486,12.743377685546875,15.858070373535156,18.568576049804687,19.82445526123047,-5.232743924551636,-8.878509521484375,11.510594211256677,4.563715792920467,4.939134360330024,1600.5864028930664,0.42122923594541983,164.3650665283203,288.8797607421875,124.51469421386719,75.75496231423217,0.14252111315727234,81.65390014648438,16.66179656982422
S_75,csv_vs_target,True,,120.0,12.0,131.0,6.0,188.0,12.0,131.0,40.76828174591064,42.23969891283682,43.903831481933594,48.123186111450195,56.89783935546875,57.332191467285156,40.76828174591064,43.903831481933594,11.051668097312595,15.925110056996344,16.499882387826883,4892.193809509277,0.3247856862189142,144.9685821533203,190.7946014404297,45.826019287109375,31.61100053767663,0.08950826525688171,77.59561920166016,40.84252166748047
S_75,csv_vs_pred,True,,120.0,12.0,131.0,0.0,255.0,12.0,131.0,31.366672325134278,33.81948034338946,29.023719787597656,41.02617263793945,54.24965324401855,54.71143341064453,31.366672325134278,29.023719787597656,12.644726882956453,12.252606377005577,13.210734509136508,3764.0006790161133,-0.37437865343963317,144.9685821533203,265.22564697265625,120.25706481933594,82.9538807821514,0.11425649374723434,126.4476089477539,38.58428192138672
S_75,target_vs_pred,True,,183.0,6.0,188.0,0.0,255.0,6.0,188.0,15.861923509608202,19.331544179630693,15.505897521972656,27.716785430908203,29.970549011230467,30.299530029296875,-15.861923509608202,-15.505897521972656,11.050248094244397,6.196063870940704,7.55138444516824,2902.732002258301,-0.4522637880593152,190.7946014404297,265.22564697265625,74.43104553222656,39.01108572590534,0.06451348960399628,72.5737533569336,19.339744567871094
S_76,csv_vs_target,True,,157.0,16.0,173.0,15.0,172.0,16.0,172.0,4.722379259243133,5.531271029348766,4.65789794921875,7.1104583740234375,9.172778320312498,10.2266845703125,0.211959255728752,-0.43445587158203125,5.5272083798264635,1.8446793981418488,2.160652745839362,741.4135437011719,0.9571901507462015,197.09901428222656,174.59353637695312,-22.505477905273438,-11.418361469786932,0.08515308052301407,10.2266845703125,4.05972146987915
S_76,csv_vs_pred,True,,158.0,16.0,173.0,0.0,255.0,16.0,173.0,13.161500085758258,17.18065032833699,10.209770202636719,22.291749954223633,33.07835083007812,34.711029052734375,7.490329790718948,1.9815902709960938,15.461879100900195,5.141210970999319,6.7111915345066375,2079.5170135498047,0.6307220976460972,197.09901428222656,263.3451232910156,66.24610900878906,33.610573470737926,0.09395286440849304,82.44292449951172,16.787765502929688
S_76,target_vs_pred,True,,158.0,15.0,172.0,0.0,255.0,15.0,172.0,11.87348976618127,14.070548135875274,10.072734832763672,18.58964729309082,23.909513092041017,24.52423858642578,7.319629331178303,7.9805145263671875,12.01679455171542,4.638081939914559,5.496307865576279,1876.0113830566406,0.5380353747594114,174.59353637695312,263.3451232910156,88.7515869140625,50.83326035470271,0.03763382509350777,83.8130874633789,16.721637725830078
S_77,csv_vs_target,True,,133.0,13.0,145.0,8.0,201.0,13.0,145.0,26.64536658265537,31.999018504972092,30.467430114746094,44.22149658203125,49.545068359375,49.72859191894531,26.588778961870005,30.467430114746094,17.80376416936501,10.408346321349754,12.499616603504723,3543.833755493164,0.7037910164927853,183.8933868408203,219.742431640625,35.84904479980469,19.494471994735992,0.12022113054990768,76.78245544433594,26.506572723388672
S_77,csv_vs_pred,True,,133.0,13.0,145.0,0.0,255.0,13.0,145.0,40.68705445483215,43.094183291741246,35.963417053222656,57.063907623291016,62.24338455200195,62.791046142578125,40.68705445483215,35.963417053222656,14.201134932522601,15.893380646418809,16.833665348336424,5411.378242492676,0.8743294156075326,183.8933868408203,319.1182556152344,135.22486877441406,73.53438374818363,0.14125171303749084,110.13834381103516,39.95733642578125
S_77,target_vs_pred,True,,194.0,8.0,201.0,0.0,255.0,8.0,201.0,18.946883644025352,23.087428815337905,14.415550231933594,24.53311538696289,46.463724517822264,47.03570556640625,1.0880441960600233,11.700714111328125,23.061776365464894,7.401126423447403,9.018526880991368,3675.695426940918,0.2661371186653998,219.742431640625,319.1182556152344,99.37582397460938,45.22377550304437,0.09976476430892944,71.5975112915039,20.228551864624023
S_78,csv_vs_target,True,,134.0,53.0,190.0,57.0,193.0,57.0,190.0,5.6749460590419485,8.226748123401594,2.363597869873047,10.290882110595703,17.430134963989257,17.864990234375,4.87957780752609,2.363597869873047,6.623375657939879,2.216775804313261,3.2135734857037477,760.4427719116211,0.8042698017591832,157.17062377929688,140.2732696533203,-16.897354125976562,-10.750962055497835,0.07402148097753525,17.819957733154297,5.04051399230957
S_78,csv_vs_pred,True,,138.0,53.0,190.0,0.0,255.0,53.0,190.0,10.389272164607394,14.375328557394564,6.256610870361328,17.669246673583984,30.07955551147461,31.17963409423828,10.051993107450182,6.256610870361328,10.276551255203167,4.058309439299763,5.615362717732252,1433.7195587158203,-0.4766754285997329,157.17062377929688,260.4609069824219,103.290283203125,65.71856795681875,0.0881386250257492,65.76969146728516,14.57345962524414
S_78,target_vs_pred,True,,137.0,57.0,193.0,0.0,255.0,57.0,193.0,6.1659061960930375,7.456854328741317,6.7649688720703125,9.696739196777344,12.820268249511715,13.722564697265625,5.08152832254006,6.16766357421875,5.457357088123454,2.408557107848843,2.912833722164577,844.7291488647461,-0.4188756097597139,140.2732696533203,260.4609069824219,120.18763732910156,85.68106925686719,0.038287241011857986,63.421165466308594,12.100027084350586
S_79,csv_vs_target,True,,173.0,17.0,189.0,7.0,191.0,17.0,189.0,10.559863492932623,12.258377840058557,9.208892822265625,16.31885528564453,19.962342834472658,21.11090850830078,7.6736640709673045,8.521865844726562,9.559430265218957,4.124946676926806,4.7884288437728735,1826.8563842773438,0.9884974900431489,288.1077880859375,242.01364135742188,-46.094146728515625,-15.998924233581167,0.21980419754981995,17.39445686340332,8.036362648010254
S_79,csv_vs_pred,True,,173.0,17.0,189.0,0.0,255.0,17.0,189.0,31.40346509459391,35.50648126205808,34.543365478515625,44.07396697998047,57.81448669433594,59.33399963378906,-9.493574418084469,-11.405807495117188,34.21377290479922,12.266978552575745,13.869719242991438,5432.799461364746,0.3707806409989437,288.1077880859375,329.4742736816406,41.366485595703125,14.357989372341587,0.2979496121406555,69.14552307128906,25.565448760986328
S_79,target_vs_pred,True,,185.0,7.0,191.0,0.0,255.0,7.0,191.0,27.066088372307856,31.67732509418663,27.526412963867188,36.707244873046875,60.40246276855468,64.64368438720703,-14.545419146563555,-16.786407470703125,28.140428336711015,10.572690770432756,12.373955114916653,5007.226348876953,0.2962641468725107,242.01364135742188,329.4742736816406,87.46063232421875,36.13872004489085,0.1430659145116806,65.20152282714844,22.300931930541992
S_80,csv_vs_target,True,,109.0,52.0,188.0,79.0,187.0,79.0,187.0,10.374852101737206,14.462918821262354,6.2924957275390625,20.022308349609375,27.514723205566405,28.504959106445312,9.393790078819345,5.3572998046875,10.996941792403018,4.052676602241096,5.649577664555607,1130.8588790893555,0.9137363882271586,180.38800048828125,113.03623962402344,-67.35176086425781,-37.33716249318898,0.07491572201251984,31.134450912475586,9.300498008728027
S_80,csv_vs_pred,True,,137.0,52.0,188.0,0.0,255.0,52.0,188.0,18.942683644538377,22.262975629668016,19.075637817382812,29.319046020507812,33.73758239746093,46.93822479248047,-14.51938645857094,-19.075637817382812,16.876833256089807,7.399485798647803,8.69647485533907,2595.147659301758,-0.13954515730630057,180.38800048828125,282.21929931640625,101.831298828125,56.451259810430265,0.13390111923217773,87.7539291381836,25.87136459350586
S_80,target_vs_pred,True,,109.0,79.0,187.0,0.0,255.0,79.0,187.0,20.367942180108585,21.571187924375703,18.292724609375,28.101181030273438,30.64756927490234,34.40184020996094,-20.367942180108585,-18.292724609375,7.103737031766146,7.956227414104916,8.42624528295926,2220.105697631836,-0.09849009119341598,113.03623962402344,282.21929931640625,169.1830596923828,149.6715214873969,0.11857877671718597,83.95260620117188,28.792625427246094
S_81,csv_vs_target,True,,121.0,5.0,132.0,12.0,208.0,12.0,132.0,37.493933937766336,39.31623284109831,35.62211608886719,46.13127899169922,58.778228759765625,59.398704528808594,37.493933937766336,35.62211608886719,11.830937523538498,14.646067944439976,15.357903453554028,4536.766006469727,0.21287155302323651,184.4105224609375,209.91091918945312,25.500396728515625,13.828059476668097,0.14432354271411896,90.62044525146484,35.73687744140625
S_81,csv_vs_pred,True,,128.0,5.0,132.0,0.0,255.0,5.0,132.0,42.55586111545563,44.98734947053955,42.875877380371094,54.21566963195801,63.09031181335449,64.21383666992188,42.55586111545563,42.875877380371094,14.589732592015066,16.623383248224854,17.57318338692951,5447.15022277832,-0.3190611098466614,184.4105224609375,321.6614990234375,137.2509765625,74.42686823043425,0.14741352200508118,123.06798553466797,43.75059509277344
S_81,target_vs_pred,True,,197.0,12.0,208.0,0.0,255.0,12.0,208.0,14.07063475478119,17.37837278993304,10.808639526367188,18.153953552246094,36.315759277343744,40.07666015625,-4.902401958020206,3.4430084228515625,16.672561167015843,5.496341701086402,6.7884268710675935,2771.9150466918945,0.013476821393433562,209.91091918945312,321.6614990234375,111.75057983398438,53.23714471842278,0.08519692718982697,65.2536392211914,16.11617088317871
S_82,csv_vs_target,True,,134.0,47.0,181.0,48.0,188.0,48.0,181.0,8.206431602364155,9.296503763488339,7.393943786621094,12.614723205566406,15.09688720703125,15.381668090820312,3.6429147293318564,5.072837829589844,8.553020197530802,3.205637344673498,3.6314467826126324,1099.6618347167969,0.7536350268286108,169.228271484375,145.70785522460938,-23.520416259765625,-13.898632924669105,0.07649748772382736,15.263871192932129,7.250341415405273
S_82,csv_vs_pred,True,,135.0,47.0,181.0,0.0,255.0,47.0,181.0,17.159274744104454,20.164116026386253,16.96173095703125,23.436847686767578,36.70935821533203,37.42333221435547,-17.159274744104454,-16.96173095703125,10.590130564913064,6.702841696915803,7.87660782280713,2316.5020904541016,0.36783788514963955,169.228271484375,260.682373046875,91.4541015625,54.04185763697282,0.08726876974105835,74.82707977294922,21.167892456054688
S_82,target_vs_pred,True,,141.0,48.0,188.0,0.0,255.0,48.0,188.0,20.175668973449273,20.64299339700489,21.39093017578125,23.685256958007812,24.61944580078125,25.195404052734375,-20.175668973449273,-21.39093017578125,4.367557425218788,7.881120692753623,8.063669295705035,2844.7693252563477,0.2007025387666156,145.70785522460938,260.682373046875,114.97451782226562,78.90756310779614,0.03774335980415344,68.26305389404297,24.088098526000977
S_83,csv_vs_target,True,,137.0,10.0,148.0,12.0,177.0,12.0,148.0,29.326979198595033,35.44040639128376,25.012985229492188,46.54389953613281,63.88652191162109,65.42605209350586,20.529791114974195,19.080108642578125,28.88858047663252,11.455851249451184,13.843908746595218,4017.7961502075195,0.6808963347885906,295.4573059082031,225.76824951171875,-69.68905639648438,-23.5868448674536,0.23961837589740753,58.698638916015625,18.794628143310547
S_83,csv_vs_pred,True,,139.0,10.0,148.0,0.0,255.0,10.0,148.0,32.177944485232125,44.6368006558168,17.601608276367188,63.75226974487305,84.6545269012451,88.12074661254883,29.20704365462708,15.607940673828125,33.754889627190835,12.569509564543798,17.436250256178436,4472.734283447266,0.7776133223933815,295.4573059082031,291.93133544921875,-3.525970458984375,-1.193394236106835,0.21891647577285767,108.0733871459961,29.261167526245117
S_83,target_vs_pred,True,,166.0,12.0,177.0,0.0,255.0,12.0,177.0,18.382803997361517,21.110971832499914,18.94916534423828,23.29523277282715,37.83245277404785,39.6466064453125,4.236740434026143,1.0427398681640625,20.681469053413313,7.180782811469342,8.246473372070279,3051.5454635620117,0.5923013364182091,225.76824951171875,291.93133544921875,66.1630859375,29.305753168421123,0.13726000487804413,83.8673324584961,20.662349700927734
S_84,csv_vs_target,True,,168.0,2.0,174.0,7.0,204.0,7.0,174.0,20.044778233482724,22.36786771985866,19.38121795654297,28.40174102783203,35.92791633605957,36.47454071044922,20.044778233482724,19.38121795654297,9.926145873580145,7.829991497454189,8.737448328069789,3367.5227432250977,0.8822794309199338,209.72320556640625,209.89932250976562,0.176116943359375,0.08397589712370297,0.08950796723365784,43.06663513183594,18.937679290771484
S_84,csv_vs_pred,True,,173.0,2.0,174.0,0.0,255.0,2.0,174.0,29.973922597190548,32.88378010741277,31.565513610839844,41.73674774169922,45.6483642578125,46.06773376464844,29.840109455792202,31.565513610839844,13.817049678531827,11.708563514527558,12.845226604458112,5185.488609313965,0.339570918595394,209.72320556640625,274.85931396484375,65.1361083984375,31.0581312255916,0.10552503168582916,81.0003890991211,29.569271087646484
S_84,target_vs_pred,True,,198.0,7.0,204.0,0.0,255.0,7.0,204.0,13.601832226069286,16.340231994978925,11.953643798828125,14.191976547241211,38.614195251464835,41.54902648925781,3.7853182397707545,11.100273132324219,15.895739915882864,5.313215713308315,6.382903123038643,2693.1627807617188,-0.5281135048628213,209.89932250976562,274.85931396484375,64.95999145507812,30.9481663281505,0.08314748853445053,59.600589752197266,15.291958808898926
S_85,csv_vs_target,True,,155.0,39.0,255.0,28.0,193.0,39.0,193.0,36.60286766790575,37.75283377396818,38.6514892578125,45.054481506347656,47.43268737792969,47.73609924316406,-36.60286766790575,-38.6514892578125,9.246974448469752,14.297995182775683,14.74720069295632,5673.444488525391,0.7816239257528674,242.16717529296875,172.66738891601562,-69.49978637695312,-28.699094454070348,0.07876057922840118,81.17417907714844,38.54623031616211
S_85,csv_vs_pred,True,,217.0,39.0,255.0,0.0,255.0,39.0,255.0,72.12030721919328,75.84948047464935,60.987579345703125,100.924072265625,108.79016418457032,111.51092529296875,-72.12030721919328,-60.987579345703125,23.49052947218074,28.171995007497376,29.628703310409904,15650.106666564941,-0.6268216943531225,242.16717529296875,284.369384765625,42.20220947265625,17.42689091527711,0.13767464458942413,107.5187759399414,66.12686157226562
S_85,target_vs_pred,True,,166.0,28.0,193.0,0.0,255.0,28.0,193.0,21.10881479102445,26.577475930773865,14.286491394042969,39.66864204406738,42.946922302246094,43.182830810546875,-20.91503864885813,-14.286491394042969,16.398883656140587,8.245630777743926,10.381826535458542,3504.0632553100586,-0.33187406420981364,172.66738891601562,284.369384765625,111.70199584960938,64.69200498391235,0.10681571811437607,85.66609191894531,24.787525177001953
S_87,csv_vs_target,True,,179.0,18.0,201.0,23.0,206.0,23.0,201.0,10.443041284657058,12.063332543117731,10.2210693359375,14.804855346679688,20.769059753417967,21.70147705078125,5.710941890098529,7.5133056640625,10.62587101247522,4.0793130018191635,4.712239274655364,1869.3043899536133,0.9695428435815449,269.9042053222656,211.92652893066406,-57.97767639160156,-21.480834772555,0.12479819357395172,21.062591552734375,8.334758758544922
S_87,csv_vs_pred,True,,184.0,18.0,201.0,0.0,255.0,18.0,201.0,15.375110294507897,17.451500264876252,14.882152557373047,21.258275985717773,30.11432418823242,30.645187377929688,2.4809443432351816,7.659904479980469,17.27425184083945,6.005902458792147,6.816992290967286,2829.020294189453,0.8583149562688747,269.9042053222656,305.83489990234375,35.930694580078125,13.31238782880231,0.19410519301891327,54.292728424072266,14.305906295776367
S_87,target_vs_pred,True,,184.0,23.0,206.0,0.0,255.0,23.0,206.0,8.242044863493547,9.684975856244645,7.7577972412109375,11.266094207763672,17.09523696899414,19.04290008544922,-3.08958741892939,-2.20501708984375,9.178954565571992,3.219548774802167,3.7831936938455644,1516.5362548828125,0.8563229656954325,211.92652893066406,305.83489990234375,93.90837097167969,44.31175815556932,0.13181070983409882,49.338375091552734,9.274458885192871
S_88,csv_vs_target,True,,198.0,8.0,211.0,14.0,212.0,14.0,211.0,14.936942630343967,18.45687564912373,13.501640319824219,22.3430118560791,34.45828094482422,35.729644775390625,-6.651472033876361,-3.850208282470703,17.21668314483882,5.834743214978112,7.209717050438957,2957.5146408081055,0.8564641616781197,320.31640625,216.96359252929688,-103.35281372070312,-32.26585079654394,0.13191306591033936,34.16838455200195,11.730953216552734
S_88,csv_vs_pred,True,,204.0,8.0,211.0,0.0,255.0,8.0,211.0,24.179103028540517,27.555572110355403,23.6748046875,36.0008602142334,46.05986633300781,46.769500732421875,-7.296335482129864,-8.17352294921875,26.57203497779591,9.44496212052364,10.763895355607579,4932.537017822266,0.18160842106230668,320.31640625,296.53802490234375,-23.77838134765625,-7.42340413508367,0.2051534503698349,44.864009857177734,18.478965759277344
S_88,target_vs_pred,True,,199.0,14.0,212.0,0.0,255.0,14.0,212.0,12.140386993561558,13.80889814992998,11.474945068359375,18.00505828857422,22.19212951660156,27.63494873046875,-0.49769216566229585,-1.8885498046875,13.799926471665637,4.742338669359984,5.3941008398163985,2415.93701171875,0.1594168728519658,216.96359252929688,296.53802490234375,79.57443237304688,36.67639876429231,0.11355110257863998,49.78535461425781,13.184730529785156
S_89,csv_vs_target,True,,121.0,2.0,154.0,34.0,249.0,34.0,154.0,47.83312807004314,55.73052629707082,52.58282470703125,75.51216888427734,83.51733779907227,84.08739852905273,44.50488982712927,52.58282470703125,33.544095498665456,18.6848156523606,21.76973683479329,5787.80849647522,-0.42327179077199667,215.32373046875,259.795166015625,44.471435546875,20.65329048869689,0.12096408009529114,117.46894073486328,43.17182540893555
S_89,csv_vs_pred,True,,153.0,2.0,154.0,0.0,255.0,2.0,154.0,56.176641788358005,62.79256456188397,49.70988464355469,81.23711776733398,96.83799209594727,97.00322341918945,55.89999076743531,49.70988464355469,28.60239843892492,21.944000698577344,24.528345531985927,8595.026193618774,-0.4363777913808254,215.32373046875,294.1991271972656,78.87539672851562,36.63107477895927,0.12839840352535248,107.3069839477539,49.66150665283203
S_89,target_vs_pred,True,,216.0,34.0,249.0,0.0,255.0,34.0,249.0,15.572570694817436,18.10793583687334,14.111774444580078,24.540992736816406,29.987539291381836,32.462310791015625,9.330884898150408,12.68759536743164,15.518760494633275,6.083035427663061,7.073412436278649,3363.6752700805664,0.7868864587316879,259.795166015625,294.1991271972656,34.403961181640625,13.242725685760902,0.11376404762268066,34.00639724731445,13.362306594848633
S_90,csv_vs_target,True,,146.0,19.0,164.0,19.0,181.0,19.0,164.0,12.922910455155046,16.11353263281375,10.001335144042969,21.91905975341797,28.797893524169922,30.55755615234375,10.461581974813383,10.001335144042969,12.255661405775427,5.048011896544939,6.294348684692872,1886.7449264526367,0.7566435433404265,227.22377014160156,197.95529174804688,-29.268478393554688,-12.880905186119847,0.1406242400407791,28.113237380981445,9.381211280822754
S_90,csv_vs_pred,True,,146.0,19.0,164.0,0.0,255.0,19.0,164.0,26.098227723004065,31.228363617934217,22.453205108642578,42.96277618408203,55.21394729614258,57.01496887207031,26.098227723004065,22.453205108642578,17.149145867131093,10.194620204298463,12.198579538255554,3810.3412475585938,0.4809162501726362,227.22377014160156,289.3546142578125,62.13084411621094,27.343461502622645,0.1709315925836563,101.69657135009766,29.912837982177734
S_90,target_vs_pred,True,,163.0,19.0,181.0,0.0,255.0,19.0,181.0,18.585590947625096,21.80471644988715,19.826927185058594,26.200145721435547,40.444023132324226,49.180267333984375,18.203877267662,19.826927185058594,12.002687694174078,7.259996463916053,8.517467363237168,3029.4513244628906,0.3909707615564876,197.95529174804688,289.3546142578125,91.39932250976562,46.171699527729466,0.09407395869493484,86.55244445800781,23.654098510742188
S_91,csv_vs_target,True,,204.0,7.0,255.0,25.0,228.0,25.0,228.0,79.21575695860619,101.00878163705703,45.739097595214844,144.23451805114746,173.2231460571289,176.2659683227539,-60.56665046542299,-45.739097595214844,80.83597478352041,30.943655061955543,39.4565553269754,16160.014419555664,-0.9392601271960584,382.1996154785156,270.76544189453125,-111.43417358398438,-29.156014048196436,0.11226514726877213,142.19451904296875,58.44994354248047
S_91,csv_vs_pred,True,,249.0,7.0,255.0,0.0,255.0,7.0,255.0,70.07728251874686,86.39121201922339,52.9920654296875,129.54930114746094,132.36322784423828,133.84039306640625,-70.07728251874686,-52.9920654296875,50.52342020229966,27.37393848388549,33.746567195009135,17449.24334716797,-0.3917047634587798,382.1996154785156,279.41064453125,-102.78897094726562,-26.89405399214857,0.11383059620857239,131.38844299316406,58.69274139404297
S_91,target_vs_pred,True,,204.0,25.0,228.0,0.0,255.0,25.0,228.0,28.118763830147536,31.23888666311073,27.521575927734375,40.39093017578125,50.23470268249512,51.74249267578125,-7.21289784300561,-4.1427764892578125,30.394771666473204,10.983892121151381,12.202690102777629,5736.227821350098,0.4957623236394221,270.76544189453125,279.41064453125,8.64520263671875,3.1928751970374964,0.10065154731273651,47.97359085083008,23.904197692871094
S_92,csv_vs_target,True,,122.0,2.0,148.0,27.0,232.0,27.0,148.0,31.117783124329613,37.98436515543653,25.774234771728516,54.252620697021484,64.12721290588378,64.91405487060547,25.259387938702694,25.774234771728516,28.368562128237336,12.155384032941255,14.837642638842393,3796.369541168213,0.2506401947293318,215.98147583007812,252.1983642578125,36.216888427734375,16.768516043732795,0.1341831386089325,102.60063934326172,32.92462921142578
S_92,csv_vs_pred,True,,147.0,2.0,148.0,0.0,255.0,2.0,148.0,38.444890080666056,48.95902710192918,26.0211181640625,68.70270538330078,84.22419662475585,85.77925109863281,37.68593202967222,26.0211181640625,31.25310963444056,15.017535187760178,19.124619961691085,5651.39884185791,-0.1254840182922837,215.98147583007812,306.26568603515625,90.28421020507812,41.801830390273096,0.14864063262939453,107.01166534423828,35.30055236816406
S_92,target_vs_pred,True,,206.0,27.0,232.0,0.0,255.0,27.0,232.0,20.743040288536292,26.022991088305847,15.882575988769531,41.13120079040527,46.30389213562012,46.90380859375,-8.978354741068719,-3.5564613342285156,24.425093885706442,8.10275011270949,10.165230893869472,4273.066299438477,0.61697165562317,252.1983642578125,306.26568603515625,54.06732177734375,21.43841096444583,0.14399220049381256,61.7755126953125,20.71700668334961
S_93,csv_vs_target,True,,234.0,11.0,255.0,12.0,245.0,12.0,245.0,22.245211381178635,25.419708445973367,24.528396606445312,29.641223907470703,42.76736373901367,46.395965576171875,-15.8227418752817,-24.528396606445312,19.89478366372695,8.689535695772904,9.929573611708346,5205.379463195801,0.9522063777895576,368.81854248046875,276.67071533203125,-92.1478271484375,-24.984597175132226,0.10693871229887009,43.534393310546875,17.2994327545166
S_93,csv_vs_pred,True,,245.0,11.0,255.0,0.0,255.0,11.0,255.0,35.00673812554807,44.73722276986018,31.135528564453125,41.599754333496094,95.33858947753903,104.10969543457031,-28.542728937888633,-31.135528564453125,34.44897278495124,13.674507080292214,17.475477644476634,8576.650840759277,0.5288706068417866,368.81854248046875,330.9661560058594,-37.852386474609375,-10.263146266727514,0.18228159844875336,95.8821029663086,27.542926788330078
S_93,target_vs_pred,True,,234.0,12.0,245.0,0.0,255.0,12.0,245.0,15.469813844077608,22.468295605915536,9.851692199707031,14.412237167358398,55.51259994506836,60.07294464111328,-12.563056130694529,-8.83905029296875,18.627773030929436,6.042896032842815,8.776677971060757,3619.93643951416,0.489637564875398,276.67071533203125,330.9661560058594,54.295440673828125,19.62457089349191,0.1500825732946396,57.15928649902344,12.91427230834961
S_94,csv_vs_target,True,,73.0,159.0,255.0,59.0,231.0,159.0,231.0,109.0936766323978,109.30024817965021,106.79969787597656,112.93603515625,123.00130310058593,125.89450073242188,-109.0936766323978,-106.79969787597656,6.7166934542936305,42.61471743453039,42.69540944517586,7963.838394165039,,96.0,195.26370239257812,99.26370239257812,103.39968998149808,0.012145211920142174,168.8255615234375,121.28239440917969
S_94,csv_vs_pred,True,,97.0,159.0,255.0,0.0,255.0,159.0,255.0,122.81757213159935,122.87068963153355,123.28340148925781,125.32986450195312,128.19989929199218,130.31130981445312,-122.81757213159935,-123.28340148925781,3.6125262944423855,47.975614113906,47.99636313731779,11913.304496765137,,96.0,309.6180419921875,213.6180419921875,222.51879371868296,0.18292354047298431,204.59169006347656,131.8089141845703
S_94,target_vs_pred,True,,173.0,59.0,231.0,0.0,255.0,59.0,231.0,14.891596358635523,16.88925225552319,16.255966186523438,20.137496948242188,28.65766754150391,30.193496704101562,3.5025275787177113,5.15924072265625,16.522080447419963,5.817029827592001,6.597364162313745,2576.2461700439453,0.7311580353931199,195.26370239257812,309.6180419921875,114.35433959960938,58.564053734801824,0.11701060086488724,59.446407318115234,16.639015197753906
S_95,csv_vs_target,True,,133.0,70.0,255.0,25.0,202.0,70.0,202.0,114.68804862803982,115.60023253444841,116.76608276367188,128.41397094726562,132.55498199462892,132.79583740234375,-114.68804862803982,-116.76608276367188,14.49362839012082,44.80001899532805,45.15634083376891,15253.510467529297,,185.0,188.04763793945312,3.047637939453125,1.647371859074804,0.014941738918423653,132.79583740234375,110.61038208007812
S_95,csv_vs_pred,True,,186.0,70.0,255.0,0.0,255.0,70.0,255.0,131.2588849631689,131.67538651564084,125.81867980957031,140.3090591430664,151.051664352417,152.24727630615234,-131.2588849631689,-125.81867980957031,10.464823566071297,51.27300193873785,51.4356978576722,24414.152603149414,,185.0,281.2203063964844,96.22030639648438,52.010976427720685,0.07041743397712708,152.24728393554688,128.59751892089844
S_95,target_vs_pred,True,,178.0,25.0,202.0,0.0,255.0,25.0,202.0,13.021412324369624,17.349848784961047,7.491180419921875,20.271514892578125,38.03195190429688,46.550209045410156,-9.425924193993044,-7.332084655761719,14.566029175794993,5.086489189206884,6.777284681625409,2317.811393737793,-0.44585622232788685,188.04763793945312,281.2203063964844,93.17266845703125,49.54737505507828,0.061692290008068085,68.53890228271484,17.691383361816406
S_96,csv_vs_target,True,,201.0,46.0,255.0,44.0,246.0,46.0,246.0,128.28176989958655,129.5236978818255,129.66285705566406,146.81981658935547,152.53512573242188,152.84830474853516,-128.28176989958655,-129.66285705566406,17.89345758683715,50.11006636702599,50.59519448508809,25784.635749816895,,209.68994140625,225.57598876953125,15.88604736328125,7.575970147154686,0.03864327073097229,152.84829711914062,122.73514556884766
S_96,csv_vs_pred,True,,210.0,46.0,255.0,0.0,255.0,46.0,255.0,126.24008749099005,126.32571049773881,125.75735092163086,128.3387794494629,137.09699134826658,140.17354583740234,-126.24008749099005,-125.75735092163086,4.650316443608665,49.312534176167986,49.345980663179226,26510.41837310791,0.08025906968686437,209.68994140625,279.1161193847656,69.42617797851562,33.10896913300173,0.09168101847171783,140.17355346679688,124.49774169921875
S_96,target_vs_pred,True,,203.0,44.0,246.0,0.0,255.0,44.0,246.0,14.552776881626674,16.381959796412627,14.470474243164062,19.88921356201172,27.677051544189453,30.75572967529297,1.8717013579871267,4.005012512207031,16.274684046020333,5.684678469385419,6.399203045473683,2954.213706970215,0.46816814044898464,225.57598876953125,279.1161193847656,53.540130615234375,23.734853565271216,0.10358856618404388,48.50584411621094,14.820728302001953
S_97,csv_vs_target,True,,136.0,42.0,255.0,17.0,177.0,42.0,177.0,111.3028637381161,112.10076637160185,107.93245697021484,124.34309387207031,132.7737102508545,133.26940155029297,-111.3028637381161,-107.93245697021484,13.351192635671962,43.4776811477016,43.789361863906976,15137.189468383789,,213.0,186.14691162109375,-26.85308837890625,-12.607083745373494,0.031336698681116104,133.2694091796875,105.8411636352539
S_97,csv_vs_pred,True,,214.0,42.0,255.0,0.0,255.0,42.0,255.0,117.08994892156012,117.15069092919035,117.30152130126953,119.81017303466797,122.80599975585938,125.47549438476562,-117.08994892156012,-117.30152130126953,3.7720348266051986,45.73826129748442,45.76198864421498,25057.249069213867,,213.0,285.83453369140625,72.83453369140625,34.19461675492337,0.08830277621746063,127.4100112915039,115.11289978027344
S_97,target_vs_pred,True,,161.0,17.0,177.0,0.0,255.0,17.0,177.0,15.193056852921195,16.889857421098423,16.70147705078125,21.942062377929688,24.163192749023438,24.52423095703125,-7.984792768585016,-13.410751342773438,14.883224386798243,5.934787833172342,6.597600555116571,2446.0821533203125,-0.12199310883604103,186.14691162109375,285.83453369140625,99.6876220703125,53.55319687917981,0.11892375349998474,81.70875549316406,18.95104217529297
S_98,csv_vs_target,True,,219.0,10.0,255.0,22.0,240.0,22.0,240.0,106.26367396524508,106.4900696505385,105.87075805664062,108.30845642089844,122.52537841796875,124.0,-106.26367396524508,-105.87075805664062,6.9402110619660204,41.509247642673856,41.5976834572416,23271.744598388672,,245.0,225.62448120117188,-19.375518798828125,-7.908375019607056,0.025287628173828125,124.0,105.12265014648438
S_98,csv_vs_pred,True,,246.0,10.0,255.0,0.0,255.0,10.0,255.0,121.68744826898342,121.84472239105897,122.87760925292969,126.29755783081055,130.52790641784668,131.1556854248047,-121.68744826898342,-122.87760925292969,6.188805081573487,47.53415948007165,47.59559468400741,29935.112274169922,,245.0,288.9275207519531,43.927520751953125,17.929600306187822,0.12220565229654312,131.1556854248047,119.02578735351562
S_98,target_vs_pred,True,,219.0,22.0,240.0,0.0,255.0,22.0,240.0,14.846372944034941,16.63868130224366,15.194686889648438,17.703262329101562,26.976217651367183,37.114952087402344,-14.846372944034941,-15.194686889648438,7.5120520421693096,5.799364431263649,6.49948488368893,3251.3556747436523,0.34756065348628723,225.62448120117188,288.9275207519531,63.30303955078125,28.056813343554307,0.12151231616735458,42.21565246582031,14.716232299804688
